label,x1,y1,x2,y2,x3,y3,x4,y4,x5,y5,x6,y6,x7,y7,x8,y8,x9,y9,x10,y10,x11,y11,x12,y12,x13,y13,x14,y14,x15,y15,x16,y16,x17,y17,x18,y18,x19,y19,x20,y20,x21,y21,x22,y22,x23,y23,x24,y24,x25,y25,x26,y26,x27,y27,x28,y28,x29,y29,x30,y30,x31,y31,x32,y32,x33,y33,angle1,angle2
Tame,259,120,267,108,271,108,275,108,251,109,246,109,242,109,282,115,235,118,268,134,249,134,326,201,193,196,372,285,134,280,351,371,162,362,341,392,172,380,331,385,181,374,331,378,181,368,300,389,217,387,394,493,158,498,483,583,123,595,489,597,126,606,522,610,109,626,141.90175092459756,32.12984118640569
Tame,259,120,267,108,271,108,275,108,251,109,246,109,242,109,282,115,235,118,268,134,249,134,326,201,193,196,372,285,134,280,351,371,162,362,341,392,172,380,331,385,181,374,331,378,181,368,300,389,217,387,394,493,158,498,483,583,123,595,489,597,126,606,522,610,109,626,141.90175092459756,32.12984118640569
Tame,260,123,271,112,269,108,280,105,250,114,246,109,244,103,282,117,240,115,270,136,248,130,320,202,187,193,374,284,136,281,356,376,167,362,346,395,167,380,325,389,177,379,333,380,179,370,302,386,217,390,389,494,155,497,482,577,120,592,487,599,131,606,522,605,111,626,138.51192386017803,31.893825542599192
Tame,254,118,272,106,266,104,271,109,251,106,251,108,241,105,287,113,239,122,267,129,248,136,321,203,187,201,368,282,129,280,354,374,166,358,339,390,167,379,325,387,175,374,330,381,180,372,294,390,216,387,396,497,163,496,485,577,117,600,490,597,121,611,516,604,113,627,139.16243543852167,31.183662491567826
Tame,256,125,269,103,275,113,277,113,253,108,244,105,242,103,278,113,229,117,263,133,247,132,325,201,192,190,371,281,128,274,345,369,157,356,336,397,168,381,327,384,180,370,330,383,185,364,303,385,212,390,391,498,159,502,482,578,125,599,487,598,122,610,517,613,114,628,138.82452998574396,32.09252348751148
Tame,256,125,269,103,275,113,277,113,253,108,244,105,242,103,278,113,229,117,263,133,247,132,325,201,192,190,371,281,128,274,345,369,157,356,336,397,168,381,327,384,180,370,330,383,185,364,303,385,212,390,391,498,159,502,482,578,125,599,487,598,122,610,517,613,114,628,138.82452998574396,32.09252348751148
Tame,258,118,264,102,268,105,275,102,249,108,247,112,246,114,279,112,234,119,262,137,251,132,325,202,197,201,375,285,138,275,348,375,164,363,345,393,167,380,326,385,179,376,335,372,182,363,304,389,213,385,395,498,163,492,480,578,120,593,485,602,124,600,526,609,111,623,147.24303867354521,30.353825261797496
Tame,256,121,271,110,270,109,275,112,245,111,250,107,240,104,278,111,236,117,268,129,247,133,328,202,197,190,370,287,130,274,348,366,163,358,340,392,169,380,334,390,182,370,336,380,178,363,295,388,221,382,392,496,162,500,481,579,124,600,492,600,122,603,524,615,114,627,145.01046970053645,34.686415422484714
Tame,262,120,261,103,270,105,271,113,255,106,246,113,239,107,286,113,232,116,267,132,249,129,323,205,196,195,371,286,133,277,350,369,157,357,335,392,170,377,328,387,183,375,332,372,185,362,294,384,211,382,391,488,157,492,477,583,128,593,493,593,125,600,517,610,103,629,145.00300980467662,31.47267805681516
Tame,259,115,271,102,266,104,270,113,253,112,240,108,244,106,276,113,231,117,264,130,251,129,330,203,192,190,374,286,137,282,353,367,163,359,343,389,169,376,333,388,183,373,335,375,186,365,298,385,220,383,399,496,158,495,479,577,122,599,494,601,120,606,520,613,110,620,137.91849878792414,32.02585933590915
Tame,259,120,269,103,265,111,276,113,250,111,248,104,245,111,278,111,233,123,267,129,250,138,320,201,194,196,376,290,138,278,349,373,157,359,335,386,169,383,333,379,182,379,332,379,176,373,294,391,217,385,391,487,161,501,488,581,122,593,486,595,129,611,522,608,103,624,141.81181291078576,33.86239748036602
Tame,260,114,271,112,272,108,277,106,253,105,247,109,239,111,279,116,233,117,270,137,244,131,331,205,192,198,377,282,128,274,354,368,163,367,343,395,169,384,333,379,185,374,336,380,184,363,300,383,211,385,391,498,159,498,481,585,122,598,493,594,125,610,516,608,103,629,144.96007084121,32.11968885097514
Tame,260,115,271,110,273,110,278,105,245,104,250,110,243,113,283,115,234,117,264,130,244,135,329,195,189,200,366,286,136,279,352,376,164,362,344,391,176,381,333,388,176,379,334,375,179,373,296,387,220,384,396,498,158,500,486,580,125,600,492,593,126,605,522,605,114,625,143.0718552245982,33.413696847185015
Tame,255,120,265,106,270,105,270,104,249,106,243,113,239,109,278,114,234,123,264,139,249,136,320,197,189,190,366,279,139,283,349,372,166,366,338,391,177,376,332,379,177,370,332,377,186,365,299,387,212,389,395,491,156,496,486,580,121,598,487,602,125,600,527,610,106,623,132.96932965904085,30.332773847344672
Tame,256,118,271,102,276,113,274,111,255,106,251,107,243,112,286,118,229,121,270,138,245,131,327,196,188,190,369,285,133,274,349,376,159,360,337,389,173,384,328,389,175,372,334,379,184,362,303,388,216,388,391,498,159,502,477,582,125,598,488,593,125,608,523,613,110,624,137.31998025350944,33.14005554092215
Tame,253,114,261,105,276,111,280,106,253,106,241,103,246,110,286,120,229,113,273,128,244,138,330,198,198,196,374,281,137,281,356,370,158,358,339,394,167,384,326,387,181,370,326,383,176,373,303,389,218,389,394,495,153,494,487,578,118,591,484,599,120,603,522,607,114,621,148.6671169357369,30.821668370416994
Tame,263,115,269,110,272,104,270,102,246,107,240,110,247,109,281,115,239,119,273,131,250,132,330,202,196,200,370,284,136,284,348,374,156,360,341,394,172,380,326,383,177,373,334,382,186,372,297,391,212,384,397,491,162,501,477,586,119,590,490,594,120,605,523,605,104,621,144.87369502502062,32.48080831673613
Tame,259,125,270,112,265,113,275,104,248,114,244,108,238,112,286,114,229,121,263,129,245,135,321,196,190,199,375,279,137,275,349,365,166,358,335,392,173,379,330,384,186,374,333,381,185,369,304,384,219,389,395,490,152,494,478,577,118,589,483,592,131,606,523,609,108,627,141.00974475263473,30.79300202200281
Tame,264,125,267,111,275,112,273,112,248,113,246,108,241,107,285,114,236,119,262,129,252,133,322,203,187,196,376,284,135,276,348,371,166,363,341,395,171,375,331,382,176,373,333,382,179,362,296,393,214,391,390,487,161,495,483,587,118,594,489,602,123,602,516,609,113,622,136.8639339484092,30.6112452826338
Tame,260,125,267,109,272,109,278,103,249,103,248,107,245,113,278,111,236,113,262,132,244,138,324,196,193,194,372,287,130,282,355,370,163,367,344,386,177,379,334,388,175,373,326,377,185,366,300,384,221,386,397,496,153,495,480,577,125,596,492,591,125,602,520,608,111,629,140.3384274220963,31.770565754289855
Tame,258,120,271,110,266,113,269,113,254,103,242,106,238,103,280,110,229,123,268,137,246,139,323,206,188,196,370,283,136,285,354,366,158,366,343,395,167,374,329,380,184,376,329,372,184,369,304,383,211,389,392,490,153,503,478,578,127,593,486,595,130,603,526,613,113,631,135.82631029967757,32.27543874668764
Bow-Arrow,207,82,210,78,211,78,213,78,209,78,209,78,209,77,220,80,214,79,210,87,208,86,234,104,209,98,248,138,216,130,223,153,208,151,217,160,207,159,213,156,206,158,214,154,207,154,227,170,208,168,247,208,173,197,276,242,177,242,281,246,184,251,273,254,159,253,173.19094982038666,37.2701966218818
Bow-Arrow,233,85,241,73,246,72,251,71,230,74,228,75,226,75,265,74,234,79,245,96,233,98,295,144,248,143,355,225,278,221,319,305,260,282,308,321,254,299,299,312,251,298,302,306,254,291,297,329,244,320,381,424,132,371,481,494,133,501,499,505,147,520,478,520,82,526,163.88658176691075,25.186846797082154
Bow-Arrow,352,124,346,114,345,114,344,114,346,115,344,115,343,115,330,120,329,121,349,133,347,134,326,176,318,173,354,232,396,169,374,277,464,144,375,285,480,145,375,282,482,142,376,280,476,141,314,311,283,315,407,299,196,366,401,392,116,409,391,409,101,411,454,406,123,433,41.91654813553255,10.264114001341037
Bow-Arrow,174,179,181,165,184,165,187,165,179,164,180,163,181,162,214,172,207,169,184,197,181,196,269,255,237,251,306,368,280,376,292,461,270,444,297,485,267,464,280,483,261,461,280,475,262,454,304,462,250,459,467,575,103,485,628,649,89,636,643,662,111,673,640,691,32,668,141.50461491543635,14.239274933013629
Bow-Arrow,116,99,119,96,119,96,120,96,118,96,119,96,119,96,124,98,123,97,118,102,117,102,137,115,129,118,153,132,137,144,129,136,134,161,123,136,133,166,123,134,132,165,124,134,133,164,144,168,131,168,171,192,104,171,207,209,105,205,216,211,111,211,206,220,91,212,148.0998430822663,13.561052400717235
Bow-Arrow,196,89,199,77,201,77,203,76,198,77,200,77,201,76,220,77,217,76,205,98,203,98,265,134,251,133,351,174,321,179,329,241,313,228,324,261,308,243,313,253,302,242,315,247,304,236,320,293,281,288,442,349,158,291,554,424,161,410,580,435,176,427,526,454,107,439,153.32696314419923,9.208269889161738
Bow-Arrow,366,83,361,74,360,73,359,73,361,74,359,74,358,74,347,75,347,77,361,89,360,90,326,114,330,122,274,151,274,156,291,194,304,199,295,203,308,207,298,204,312,204,296,201,311,201,309,227,286,234,386,212,196,279,381,299,102,319,370,315,85,326,414,317,118,349,150.37077091641063,7.016841031484364
Bow-Arrow,116,57,123,51,124,52,125,52,122,50,123,50,124,50,137,59,137,56,119,65,118,64,156,105,153,99,208,142,172,152,169,178,170,178,158,179,165,188,157,179,160,183,160,177,160,181,196,213,165,209,271,259,90,204,352,305,105,284,369,313,116,298,335,332,69,304,139.87927378300674,8.350846362009886
Bow-Arrow,603,192,598,171,597,170,597,169,590,172,585,172,579,171,571,174,547,178,594,211,583,214,569,286,480,313,663,343,613,379,764,343,759,351,788,322,788,333,785,316,786,321,774,325,779,328,523,579,429,577,673,693,303,744,656,873,191,903,627,900,171,922,730,937,216,985,46.737540856015755,33.27494732346547
False Stance,194,89,189,79,188,79,188,79,187,79,185,79,183,79,176,84,169,84,191,99,188,99,193,144,130,138,256,144,137,212,294,96,201,241,305,82,213,248,302,78,218,239,296,83,215,237,180,272,153,286,251,213,179,387,248,308,158,470,231,322,145,486,284,348,196,490,83.26850848854423,30.83821484700329
False Stance,197,95,182,69,184,69,194,81,192,86,185,80,184,76,173,87,160,78,187,94,189,90,190,141,121,143,260,147,129,216,285,90,201,243,299,77,203,238,295,80,218,237,301,87,219,233,185,276,149,278,253,212,175,382,246,311,158,470,228,312,142,492,283,339,203,488,80.49662203678879,32.953388974149505
False Stance,192,95,190,77,181,73,189,83,194,69,192,79,177,86,178,80,159,74,189,90,193,91,184,142,130,138,248,145,132,214,297,88,207,243,297,82,209,251,308,68,212,234,289,77,217,232,172,279,143,287,251,214,169,379,250,313,158,461,223,312,151,481,282,353,186,493,83.93886230024403,29.518235674900698
False Stance,185,95,193,82,183,78,184,76,178,71,190,83,184,75,171,75,169,88,183,99,178,98,195,146,124,143,255,146,143,217,298,86,201,239,311,75,219,253,299,76,221,236,295,75,222,235,185,271,150,282,243,203,183,383,244,311,161,469,232,327,151,482,284,342,189,483,82.99683176977312,31.21840276434636
False Stance,195,93,179,77,181,86,185,73,183,73,183,71,174,80,167,85,163,77,191,90,191,98,196,139,122,135,257,139,135,207,295,99,191,234,309,74,204,248,295,81,210,235,288,81,213,235,187,279,145,292,244,214,185,381,245,307,159,471,233,321,150,484,283,347,200,491,75.89943385201101,32.30819581096322
False Stance,194,86,196,85,186,80,187,85,180,84,191,79,175,81,173,83,162,78,194,100,180,96,200,150,133,132,253,147,134,211,296,87,200,238,301,75,209,247,301,77,213,242,289,76,219,236,180,275,156,283,254,217,173,378,250,309,149,470,226,321,135,492,291,353,200,487,87.86244738405375,29.333716144888783
False Stance,185,85,193,76,191,77,187,78,177,70,188,73,183,84,175,89,169,88,190,105,186,96,191,146,127,129,250,149,132,216,299,101,202,241,304,82,211,240,300,73,222,242,296,90,211,237,179,275,154,289,258,216,177,391,252,299,152,475,225,314,135,485,285,350,200,489,81.34426303938642,30.0967014611426
False Stance,185,79,188,78,188,73,179,79,185,71,176,84,185,81,175,80,168,87,191,96,194,89,187,146,127,145,248,135,141,208,288,86,201,233,298,78,205,254,306,72,219,239,292,75,215,240,170,262,151,287,251,208,186,381,248,315,162,463,228,326,147,479,278,354,202,490,87.080156303007,31.09893310033238
False Stance,200,90,185,83,182,71,195,74,194,78,176,83,186,76,183,88,174,86,182,99,190,100,195,140,124,135,251,151,128,219,296,91,204,246,311,75,219,240,299,77,217,236,291,75,222,241,177,278,160,281,244,209,169,384,241,314,155,474,228,322,149,485,286,347,197,490,75.18288539243368,26.200114841347332
False Stance,193,84,191,80,178,81,191,76,193,86,177,83,182,82,183,76,176,76,195,100,193,89,185,138,126,142,251,150,137,218,298,90,204,232,300,84,210,244,301,69,223,241,298,84,213,239,176,265,156,289,242,206,177,381,254,308,164,462,221,321,151,479,285,341,200,492,86.45641560748417,25.640542816882782
False Stance,193,94,190,82,180,81,185,85,177,72,176,69,178,73,181,75,174,82,188,93,191,93,200,144,133,133,250,143,142,210,293,100,191,242,305,73,209,240,304,72,220,241,301,87,214,234,175,276,143,284,244,208,169,385,246,310,154,460,235,322,147,478,285,344,193,484,85.86336613701108,30.0756714909821
False Stance,201,91,185,82,180,73,180,84,179,86,184,83,185,84,178,79,167,78,193,104,188,102,189,151,125,144,256,142,143,208,291,90,202,244,304,78,211,252,302,74,216,237,295,85,222,241,186,279,160,282,246,219,184,386,248,309,152,471,230,316,150,489,286,351,190,482,78.69006752597979,33.4072351418418
False Stance,194,79,196,69,194,78,183,69,188,78,184,71,188,74,169,91,163,81,188,106,195,96,194,137,122,133,248,143,128,202,291,96,202,231,295,79,219,254,297,82,217,236,294,78,216,230,178,271,143,286,258,209,176,381,240,299,154,468,221,316,137,490,274,348,195,483,72.77799946700304,30.70591087001327
False Stance,184,87,193,85,188,86,194,85,186,83,182,80,180,71,176,75,161,79,183,106,190,98,196,147,120,130,257,137,141,203,294,89,199,241,309,88,212,246,294,72,212,230,287,77,215,235,180,272,149,286,250,209,179,385,240,310,161,471,237,316,148,482,288,350,188,485,72.42957654671306,30.709367584381322
False Stance,187,96,186,70,193,81,193,71,187,78,191,84,181,77,176,79,160,76,198,89,187,97,193,139,136,136,253,134,134,204,287,90,206,242,307,76,215,244,295,85,213,244,292,79,218,238,171,271,154,288,252,211,184,386,238,301,165,475,230,329,147,490,281,355,195,481,88.6088045331004,30.608069278377044
False Stance,187,95,193,86,183,84,193,75,189,82,192,71,188,71,181,90,165,85,198,101,195,94,194,139,127,138,251,149,136,205,293,94,208,237,295,81,206,250,292,81,222,233,296,88,207,233,171,277,158,285,257,219,183,387,248,302,149,464,238,312,141,488,291,342,194,488,82.80433537677567,32.53758366265552
False Stance,201,96,195,78,194,84,194,81,190,82,191,71,179,83,174,78,162,76,195,91,193,100,183,148,126,136,256,134,129,217,293,98,192,238,302,80,210,238,300,72,217,231,301,86,222,238,182,273,154,289,248,210,184,386,238,306,153,466,228,322,152,489,278,355,194,496,74.98544008390267,29.97234241815228
False Stance,196,88,188,72,185,70,182,76,180,84,182,78,190,73,168,91,175,79,187,102,193,96,183,135,127,138,263,142,142,217,301,87,206,238,306,79,209,246,302,70,217,231,300,86,210,238,174,276,149,290,243,218,184,383,250,299,159,462,221,321,147,484,281,339,197,485,82.77851914017967,32.87360317021049
False Stance,198,90,189,83,190,72,192,74,185,74,187,85,190,74,175,91,176,76,192,90,184,101,184,151,137,141,247,135,137,218,286,103,204,232,299,77,213,255,294,85,225,242,289,88,219,241,170,278,145,287,256,217,182,377,248,311,157,475,223,316,139,492,282,352,193,485,91.04815170747199,32.942672112380684
Four-Six,156,124,160,115,162,115,165,114,151,116,148,116,145,116,170,113,140,115,161,130,151,131,196,140,118,147,222,190,81,198,241,234,49,247,250,251,36,258,241,252,39,260,238,248,47,257,193,225,148,229,251,247,133,218,330,272,147,274,335,277,155,281,353,274,130,291,148.706761065568,3.8947675694775694
Four-Six,241,86,249,74,255,74,259,73,235,76,230,76,227,76,269,78,227,83,253,97,235,99,311,155,206,152,374,228,165,220,332,303,186,284,316,316,193,307,309,305,199,300,311,299,199,294,288,336,224,328,291,460,136,428,346,542,87,541,354,549,95,562,336,574,38,571,154.13600772607236,51.42383460266963
Four-Six,149,119,151,120,163,120,160,117,144,121,139,113,136,119,169,104,138,106,155,136,142,132,193,141,110,149,216,182,86,201,246,228,47,250,252,254,35,251,233,256,36,252,231,248,41,256,190,216,139,230,245,244,137,219,322,271,149,280,337,268,156,283,360,267,125,284,150.7958178024928,5.509535887275238
Four-Six,149,119,151,120,163,120,160,117,144,121,139,113,136,119,169,104,138,106,155,136,142,132,193,141,110,149,216,182,86,201,246,228,47,250,252,254,35,251,233,256,36,252,231,248,41,256,190,216,139,230,245,244,137,219,322,271,149,280,337,268,156,283,360,267,125,284,150.7958178024928,5.509535887275238
Four-Six,152,118,163,116,168,118,157,119,155,111,142,117,135,123,171,117,131,118,159,122,154,127,195,142,111,138,224,197,78,203,235,234,49,242,247,241,40,257,247,256,31,258,233,254,50,259,183,223,145,226,257,238,133,214,328,277,142,264,338,267,154,284,358,267,124,289,131.1034775153689,4.838559077112892
Four-Six,155,123,165,108,152,106,163,118,148,113,147,109,149,110,161,113,136,118,164,132,151,136,188,131,109,143,222,193,75,205,243,231,43,241,254,247,30,262,245,247,46,250,233,242,47,260,183,220,147,229,250,239,124,220,325,274,152,266,332,279,161,281,345,277,137,292,127.38208863613421,3.029915330973073
Four-Six,153,120,167,114,168,113,160,116,146,121,146,120,139,107,163,110,131,122,153,124,154,130,186,141,112,154,218,181,85,191,237,238,41,254,251,242,42,254,246,253,29,256,230,241,47,260,200,220,155,224,245,253,140,218,335,273,154,274,335,271,160,272,349,277,136,287,151.26182126953697,0.5748547522425601
Four-Six,159,126,158,110,158,106,159,118,143,111,140,117,148,112,177,116,142,105,167,124,150,138,192,141,116,139,221,193,78,188,242,232,49,242,240,258,26,255,245,244,29,252,243,253,37,256,184,227,142,227,247,241,134,216,321,279,152,268,325,281,153,283,352,276,122,284,125.71244408008465,4.8804663436174325
Four-Six,149,119,153,122,159,110,164,109,152,110,147,120,136,123,166,109,135,117,158,132,156,136,195,147,112,149,225,187,74,191,236,239,46,237,248,245,30,256,242,246,34,267,244,254,48,261,191,216,138,222,247,240,135,225,322,266,139,269,332,279,156,287,354,265,120,298,136.20489610898227,1.748911025723775
Four-Six,158,124,166,107,161,112,162,111,158,113,149,114,150,110,160,113,145,109,151,129,155,124,191,142,125,139,212,196,78,199,239,238,43,249,255,256,35,255,242,254,42,264,239,253,40,253,184,222,152,229,243,245,124,211,337,278,148,268,330,273,150,283,360,272,121,281,153.27377968538696,5.973338213591746
Four-Six,153,126,163,118,156,121,172,104,158,113,152,111,146,117,164,120,145,119,155,133,151,121,199,138,116,137,215,190,78,189,234,237,44,249,242,244,29,259,244,245,42,262,242,245,45,255,195,222,152,219,242,248,138,221,325,279,138,269,328,274,148,278,353,269,131,281,145.60227996960404,3.306521279966399
Four-Six,152,128,163,117,157,109,172,111,148,121,153,106,144,117,160,120,139,122,168,130,147,127,200,136,114,138,226,190,75,195,245,231,42,250,243,244,34,257,247,249,46,260,239,238,48,250,200,225,138,231,250,242,123,208,324,262,144,265,339,267,151,276,359,275,137,292,138.94518622903757,9.378287524611043
Four-Six,156,125,164,122,163,115,172,116,150,111,141,106,140,115,161,110,140,122,155,123,158,130,195,130,109,146,229,187,82,197,246,233,53,244,241,258,43,252,243,249,33,261,242,251,40,247,200,216,154,232,241,249,139,214,326,271,146,273,339,281,145,276,353,280,120,287,142.42309708851334,7.8825912799918525
Four-Six,158,129,151,116,164,119,166,112,148,107,143,118,151,123,169,109,136,106,160,133,150,138,203,146,115,144,214,180,72,189,248,241,40,247,249,258,27,252,232,259,35,267,243,245,52,262,194,218,143,219,241,247,130,214,329,270,142,269,327,280,154,284,344,277,129,289,127.82526151883758,0.6116754747136223
Golden Rooster,434,117,428,101,428,101,427,100,425,103,421,103,418,103,410,103,393,108,428,131,423,133,390,175,353,188,442,240,470,223,447,211,516,132,445,205,526,108,443,195,516,103,444,198,511,111,352,374,333,367,362,523,476,302,330,684,459,455,312,711,434,467,404,721,497,524,12.175318424388967,37.817290662624835
Golden Rooster,430,112,422,106,429,106,429,102,427,110,412,106,425,103,403,103,388,103,424,131,414,138,382,177,355,190,438,245,468,219,442,213,519,123,446,195,528,112,441,198,521,102,442,199,506,117,355,378,333,372,364,523,474,308,333,683,452,449,304,709,436,472,405,725,498,528,15.590378431285673,38.697064025764554
Golden Rooster,441,120,422,101,418,96,422,105,429,106,414,94,425,104,410,105,396,115,429,129,415,130,390,174,355,194,435,237,468,224,449,210,522,128,441,200,522,98,450,199,518,98,442,198,505,117,358,366,329,360,354,521,482,296,325,688,452,458,318,713,433,467,400,712,491,515,19.67466911907787,38.46143776270756
Golden Rooster,438,122,428,96,429,98,434,102,426,100,420,93,418,103,413,96,390,115,424,122,413,137,380,172,354,186,436,244,476,218,452,214,510,124,435,196,533,100,449,193,513,102,450,200,506,103,345,371,329,368,352,517,472,309,327,677,461,452,317,710,424,467,407,719,488,518,11.073055545503511,38.75669511332901
Golden Rooster,439,117,422,100,429,96,425,94,428,97,419,95,421,100,402,100,392,103,424,125,424,140,393,178,356,187,444,244,469,225,442,215,506,134,450,210,517,101,436,198,521,103,441,203,506,118,348,368,326,365,356,524,469,303,325,678,455,446,314,705,424,466,402,717,496,526,9.948885684233257,37.766127806845546
Golden Rooster,428,123,434,103,419,102,421,92,429,98,423,94,425,94,413,109,388,109,422,124,416,134,388,181,359,195,447,246,469,222,453,204,508,129,442,205,520,106,447,185,508,94,435,196,508,103,351,381,335,358,355,520,482,306,333,682,453,454,304,710,431,470,397,719,494,522,15.248244171983577,37.7252897520463
Golden Rooster,429,117,419,100,429,97,422,105,427,99,420,103,420,110,413,105,383,100,428,133,415,132,382,167,354,193,449,230,464,226,449,210,516,138,440,200,521,114,448,189,515,96,448,196,510,107,344,365,329,360,369,523,480,292,336,680,461,460,319,708,424,461,401,725,488,519,16.132840530485378,39.45304437850037
Golden Rooster,432,114,426,93,420,97,419,106,428,97,420,105,413,93,400,105,393,104,426,124,421,134,392,167,351,192,440,239,461,229,451,201,509,131,452,210,522,108,442,195,508,94,438,188,505,113,355,370,326,372,358,528,479,309,322,690,462,447,302,702,429,457,403,714,491,526,12.486940427937785,40.513326848108306
Golden Rooster,433,116,421,102,421,104,420,95,418,106,427,100,413,102,410,108,390,107,426,129,428,130,388,169,351,188,443,232,469,222,439,205,522,138,447,200,528,103,441,195,514,110,445,195,505,116,356,381,330,372,361,527,483,303,329,684,456,457,308,709,429,469,398,718,500,525,11.93115296884098,39.884537464119354
Golden Rooster,438,121,429,104,422,95,434,107,428,105,423,102,412,95,416,97,398,100,422,137,420,138,394,169,352,180,443,242,462,214,444,206,511,128,441,204,520,103,435,188,521,98,451,189,501,101,353,378,325,364,362,521,470,294,337,680,466,456,302,706,425,471,405,721,488,524,3.768834487970156,38.704605915696106
Golden Rooster,439,120,431,96,432,101,430,107,428,107,414,110,412,97,405,105,393,98,422,123,414,132,392,178,347,179,443,231,465,222,451,211,506,130,449,201,531,108,448,198,519,95,450,189,502,106,352,373,329,368,362,524,474,304,321,682,454,445,306,708,427,457,409,711,502,516,9.830450419083455,38.92440790666919
Golden Rooster,432,117,418,102,433,92,434,104,432,105,411,97,409,98,403,106,400,106,432,125,428,139,391,182,354,191,444,236,463,216,437,201,514,139,435,201,522,99,445,186,515,103,447,188,501,112,349,376,327,373,359,525,475,292,334,676,453,461,317,712,433,463,410,726,499,524,6.841567325346205,38.35526295703374
Golden Rooster,424,115,424,95,425,98,431,99,427,110,426,93,423,105,406,103,393,109,432,128,426,128,395,180,345,195,434,245,462,218,449,210,515,129,444,212,527,105,447,198,512,106,434,202,511,109,350,372,324,373,359,527,468,294,333,674,449,450,304,708,435,468,398,725,493,519,12.208786482674093,37.8749836510982
Golden Rooster,437,121,422,93,435,100,431,101,424,105,418,99,424,94,415,106,393,107,419,134,420,130,386,176,346,191,437,232,461,223,439,215,508,134,449,198,527,115,439,188,507,98,438,195,509,114,345,380,332,364,363,523,475,293,329,684,458,449,312,708,437,471,396,723,504,524,14.213883045096136,36.99654177912773
Golden Rooster,427,112,423,92,423,93,429,101,422,94,426,108,411,96,416,103,387,109,434,129,420,134,387,166,346,190,441,246,461,221,453,213,523,125,438,199,518,99,447,188,513,103,439,199,511,108,346,365,338,370,358,524,478,297,335,688,450,461,316,703,437,466,406,716,490,516,10.690876659103404,35.26206364236336
Golden Rooster,425,108,427,92,428,108,431,102,425,110,428,109,418,99,403,102,394,108,435,137,421,125,381,167,356,182,443,239,467,223,442,206,514,128,444,212,532,106,446,202,514,96,440,194,506,113,348,366,330,374,368,513,473,292,329,676,460,446,304,717,432,461,405,723,504,519,16.545840701702737,40.70299749480056
Golden Rooster,438,122,431,96,431,100,429,107,429,108,421,106,409,99,401,96,395,115,430,133,426,131,381,182,343,193,449,230,474,216,438,218,511,122,447,197,528,101,441,202,519,98,439,202,507,112,346,379,328,367,367,523,472,297,326,681,458,462,309,718,432,469,399,724,497,524,10.474409721022061,38.955907837758886
Golden Rooster,432,115,432,105,432,107,424,97,426,105,418,101,408,97,402,108,389,113,423,127,426,134,391,168,351,189,442,236,470,216,438,215,506,137,443,197,523,99,448,202,516,102,444,203,511,102,353,372,331,373,354,529,470,296,328,685,454,446,317,710,433,467,400,722,495,519,7.718701138752515,34.85363729606525
Golden Rooster,434,110,430,99,425,92,420,98,430,97,427,108,418,99,407,94,396,101,428,126,427,125,387,179,355,179,446,235,460,222,449,206,519,130,450,206,532,104,446,196,522,103,445,201,509,108,352,371,327,363,369,517,474,305,322,674,464,456,308,713,440,463,405,718,503,515,12.118355007931946,41.60355170802478
Golden Rooster,432,115,433,103,431,96,419,97,431,95,421,102,423,109,407,105,397,99,428,137,425,137,389,182,354,190,449,237,460,229,447,205,506,134,438,209,523,100,448,192,508,108,448,200,510,109,346,374,330,372,365,517,477,297,328,685,450,451,305,716,430,467,404,722,488,523,9.300834071921834,40.55066510338434
Golden Rooster,430,110,434,103,428,93,420,95,430,108,425,108,416,106,403,107,386,102,420,126,418,136,395,166,355,193,434,230,471,217,438,204,514,136,452,201,533,107,433,185,513,110,450,194,501,104,344,370,323,360,352,528,475,297,329,679,450,459,311,704,429,459,395,722,500,528,10.771567563292615,37.827679249911384
Golden Rooster,426,115,432,99,421,104,427,94,432,101,426,108,409,96,411,109,400,114,424,124,415,129,393,179,343,189,438,246,472,220,442,207,518,134,446,200,525,98,437,202,514,105,442,189,507,103,358,364,334,370,356,519,475,298,337,687,462,456,318,718,437,466,409,711,489,525,12.133492869506407,36.69985041385883
Golden Rooster,427,124,426,94,427,102,422,104,415,93,419,110,412,96,400,93,391,105,431,128,423,130,389,181,349,192,442,244,468,227,450,201,510,125,452,210,523,108,437,200,513,108,434,191,510,115,350,376,336,365,364,513,474,302,324,680,449,450,316,701,429,468,405,727,496,530,14.397583759005277,38.24737125024325
Golden Rooster,425,116,421,106,434,102,431,94,418,99,420,104,425,108,405,101,383,108,419,130,430,131,391,165,351,185,433,241,465,229,451,205,512,136,435,196,518,109,442,200,519,95,439,190,504,107,345,380,338,367,369,516,466,306,337,688,456,446,314,710,429,467,398,721,489,524,7.341671307101173,36.545372269306455
Golden Rooster,441,113,428,101,423,98,433,102,431,103,411,108,412,100,407,106,390,107,426,123,413,137,388,177,343,193,447,237,465,230,439,205,518,122,452,203,516,113,446,194,507,108,449,203,504,107,343,371,336,370,352,521,472,294,331,675,462,457,317,711,435,470,397,727,493,523,10.550392042324173,33.91097564347688
Golden Rooster,439,121,422,98,432,98,430,105,423,110,415,109,417,104,413,98,398,98,426,125,419,137,396,165,358,180,447,245,460,226,446,215,515,134,447,205,520,109,437,197,514,105,451,201,508,117,357,371,337,359,353,529,469,298,337,681,453,457,317,717,436,459,397,727,498,530,12.398293630760413,32.04088415244039
Golden Rooster,428,112,419,97,434,99,425,95,427,102,420,109,409,93,414,100,383,111,434,125,418,136,382,176,359,181,440,245,475,220,443,213,514,135,440,199,520,99,437,202,510,99,436,198,504,108,359,377,328,369,358,527,479,294,328,691,462,448,313,703,438,465,406,716,491,519,10.610305347405962,38.194419558135216
Golden Rooster,433,122,422,101,424,104,425,103,432,93,423,110,410,99,401,109,399,115,430,135,420,134,394,166,356,191,443,238,463,216,439,202,513,123,440,204,523,110,436,198,517,108,442,202,505,107,358,378,333,366,361,525,478,292,327,677,458,455,308,707,424,469,397,722,502,521,12.276563768635915,36.65075015058639
Golden Rooster,424,109,429,93,430,107,417,93,429,103,414,107,417,106,404,96,387,99,422,126,414,132,384,171,360,182,438,246,463,230,437,209,511,126,450,210,522,98,444,191,509,109,443,190,518,109,351,367,324,372,353,525,482,301,332,684,460,461,319,716,433,464,396,723,499,529,17.999269384796474,40.669997364278885
Golden Rooster,436,124,429,98,425,101,417,90,427,95,415,99,423,96,412,97,384,114,429,136,418,124,393,173,347,190,439,233,471,227,437,209,509,129,451,195,519,107,445,188,523,109,442,201,507,112,356,378,333,370,363,518,475,307,335,684,461,457,314,715,425,463,405,716,497,531,16.920607262456286,39.41836914058922
Horse Stance,203,57,207,49,210,49,213,49,198,49,195,49,192,50,219,55,187,57,210,68,198,68,243,103,168,104,282,86,123,93,241,72,163,71,229,73,177,72,223,74,182,72,225,76,180,73,226,226,175,226,254,294,144,294,267,357,133,360,261,368,137,370,281,381,119,384,18.644311275436905,40.72053646975478
Horse Stance,220,102,226,92,231,92,235,93,212,93,208,94,204,95,241,101,200,104,230,116,212,117,276,173,169,171,328,168,109,159,239,148,201,147,228,133,215,136,228,138,218,138,231,145,215,144,247,344,178,339,352,312,82,298,331,443,100,424,319,468,118,442,375,481,52,457,21.058738718047824,11.788613581892728
Horse Stance,208,81,214,73,219,74,222,75,200,73,196,73,191,75,227,83,185,86,218,97,200,99,260,160,153,154,310,149,95,142,219,129,187,127,207,111,202,115,200,114,205,118,204,123,202,124,236,322,165,322,339,297,68,283,319,434,77,428,304,452,90,450,372,456,21,445,18.00776665996064,11.133497713609527
Horse Stance,311,90,324,76,331,76,336,77,301,74,294,75,288,75,346,84,284,82,325,113,299,112,412,194,222,191,491,286,139,269,416,359,197,335,394,377,213,362,385,361,223,353,388,353,219,343,365,407,249,407,488,451,134,478,537,559,106,568,523,579,118,590,583,604,63,616,136.86521198549278,14.792946209206251
Horse Stance,328,167,335,156,338,156,342,156,321,157,317,157,313,157,347,160,308,162,336,179,321,180,387,228,269,228,439,285,221,277,398,330,260,330,385,349,270,346,378,343,278,342,380,336,277,337,364,366,287,368,449,429,212,434,459,502,186,500,449,511,194,512,485,534,153,532,128.51172160020056,21.842116684185072
Horse Stance,229,79,234,71,237,71,240,72,224,71,220,70,217,70,245,76,213,74,235,88,223,88,267,128,188,124,278,170,180,168,275,170,180,169,275,172,179,169,273,165,181,163,271,164,183,163,248,219,197,216,326,232,113,231,341,295,109,291,338,306,115,298,360,313,88,313,143.11268898841323,6.8013525264610815
Horse Stance,153,28,156,24,157,24,159,24,150,24,148,24,147,25,162,27,144,28,157,34,150,34,175,59,132,58,196,75,116,77,198,59,114,63,200,54,110,54,193,48,115,51,192,52,118,54,169,117,140,117,217,117,96,121,219,166,94,166,213,175,100,173,230,184,84,184,110.92450174492117,1.893385845746169
Horse Stance,333,86,339,80,342,80,344,80,329,79,326,79,323,79,350,85,320,85,340,95,328,95,373,129,295,131,408,166,257,164,393,132,277,127,382,122,287,118,380,116,291,113,381,119,290,116,360,244,305,240,436,266,224,258,453,336,215,343,448,347,222,358,471,364,181,365,60.94539590092286,9.064718274587998
Horse Stance,307,114,313,106,317,107,320,107,301,106,297,106,294,106,325,112,289,112,314,125,299,124,356,171,259,171,395,237,226,237,324,203,296,204,313,184,306,182,313,178,305,179,315,184,304,186,332,296,267,290,430,305,165,304,447,401,152,398,440,415,167,410,504,422,111,434,68.0350444891853,5.041599706492327
Horse Stance,170,50,174,44,176,44,179,44,167,44,165,44,163,44,182,45,162,44,175,55,166,55,199,72,142,72,203,104,129,107,197,129,137,131,195,138,137,139,192,136,141,136,192,133,142,133,187,150,152,150,243,166,102,167,252,205,82,206,247,212,85,215,273,227,63,216,125.31121343963319,10.37840392064008
Horse Stance,197,71,205,59,209,59,214,59,190,59,185,60,181,60,219,64,175,66,206,84,189,85,259,145,136,148,276,216,115,225,281,268,106,267,285,286,100,281,279,277,105,273,274,272,110,268,235,308,156,308,351,357,53,354,348,469,59,468,336,486,76,489,399,499,10,496,152.15223262338478,13.52857409940502
Horse Stance,530,176,546,158,554,159,560,160,521,155,512,155,504,156,570,168,494,162,542,198,514,194,616,279,434,264,625,411,406,384,577,454,433,420,564,474,439,439,555,456,446,421,554,449,448,416,565,486,462,478,704,564,367,534,712,674,307,674,698,692,312,698,761,734,255,715,125.92352976611454,14.476678765235556
Horse Stance,201,69,205,60,208,60,211,60,197,60,193,60,191,59,215,63,186,63,206,78,196,77,241,115,159,114,264,168,134,167,252,210,135,207,246,224,139,224,240,218,146,220,240,213,146,213,223,225,173,224,268,287,124,283,279,341,114,336,276,346,118,344,286,369,106,363,142.48088617952368,31.95952174030539
Horse Stance,558,278,577,253,588,254,596,254,545,252,536,251,528,251,611,264,525,260,577,304,540,304,688,403,435,404,743,583,385,585,606,515,507,509,573,480,533,472,574,460,533,452,579,466,534,462,627,656,480,648,796,723,308,689,804,873,277,856,784,890,299,882,848,972,206,943,73.96708997286396,9.366157801518543
Horse Stance,381,210,396,192,405,193,413,194,374,189,368,189,363,189,429,205,359,203,397,232,372,231,489,319,306,312,514,411,181,370,355,363,314,352,332,339,345,320,338,333,350,316,344,342,346,327,445,542,337,536,545,580,186,529,567,768,184,714,552,796,205,754,604,826,109,753,71.38238724913923,3.858767320945886
Horse Stance,95,47,99,42,102,42,105,42,95,41,94,41,93,41,113,46,97,44,99,54,94,54,136,82,84,79,165,112,92,113,146,144,82,136,140,154,78,142,137,149,77,140,138,147,79,139,126,169,91,167,166,214,34,200,192,252,45,235,191,256,52,240,207,272,36,262,162.9622322043744,26.01980898117922
Horse Stance,252,82,258,72,262,72,266,72,245,73,241,73,237,74,271,76,233,79,260,94,245,95,308,145,204,144,316,208,200,205,316,238,193,246,318,249,187,256,313,243,190,249,311,239,194,246,289,285,218,282,404,310,99,302,422,408,86,409,413,423,99,428,448,441,47,443,145.67894719653515,7.058393955463539
Horse Stance,169,62,177,53,180,53,184,53,165,53,161,52,158,53,190,57,156,57,177,73,164,72,221,117,131,116,240,174,125,173,230,188,121,180,227,195,117,185,224,185,120,177,223,182,123,174,203,231,149,228,287,247,63,244,308,311,47,304,301,322,56,315,326,341,24,331,150.98341565613418,7.071955016715766
Horse Stance,241,85,247,73,251,73,254,73,233,74,229,75,225,76,259,77,220,81,250,96,233,98,305,150,180,157,348,228,137,240,272,216,213,220,254,210,230,213,249,199,234,205,253,200,231,207,283,295,208,299,401,322,97,338,424,421,81,436,413,440,90,448,450,454,52,474,92.49921909126796,9.80873152020227
Horse Stance,413,92,422,78,427,77,431,77,403,78,397,78,391,78,440,81,383,82,425,108,403,108,487,166,338,170,516,278,323,281,433,198,400,196,425,167,412,164,425,160,408,157,426,170,405,168,464,374,362,372,605,436,228,432,622,602,207,601,607,626,219,626,685,646,143,641,41.936994002078784,14.147278250210995
Horse Stance,162,78,167,68,170,68,173,68,158,69,154,69,151,69,178,72,145,73,168,88,156,88,208,119,121,124,213,158,113,163,207,189,131,197,206,198,133,207,202,195,138,202,201,192,139,199,198,228,148,228,281,244,73,255,293,323,59,316,283,336,68,325,317,353,44,343,122.31119617430659,9.887005187805809
Horse Stance,206,107,210,98,213,97,217,97,199,98,195,99,191,99,221,101,186,104,213,117,198,118,253,156,160,160,304,199,105,202,265,189,149,190,248,190,163,189,245,180,166,182,248,180,163,181,239,275,181,276,327,294,92,299,331,352,86,367,321,359,93,374,349,387,70,397,129.73230287195577,8.24727147408087
Horse Stance,221,119,227,109,231,109,234,109,215,108,210,108,206,107,241,114,202,111,227,130,214,130,264,167,180,165,296,188,147,178,231,178,201,172,213,172,219,166,210,171,219,166,210,179,217,170,258,296,195,291,337,309,114,302,371,394,76,378,368,407,81,389,386,425,54,401,53.526367208274586,5.426383837144812
Horse Stance,231,108,237,99,241,98,244,98,224,99,220,99,216,100,249,101,213,104,238,120,224,122,277,161,186,161,312,201,152,197,306,170,162,175,295,162,172,166,290,153,179,160,290,156,180,161,268,296,203,296,349,336,123,345,358,418,121,426,351,428,131,438,378,451,94,456,134.2559407971113,17.601995399546684
Horse Stance,191,115,196,107,199,107,202,107,187,107,184,107,182,108,207,111,180,111,197,122,186,123,231,151,159,143,237,189,141,159,237,219,167,136,239,230,176,127,237,228,179,125,234,223,178,129,213,240,166,239,292,249,91,255,307,315,77,319,299,326,85,331,331,337,45,336,0.14450355114808372,6.24758655204822
Horse Stance,381,210,396,192,405,193,413,194,374,189,368,189,363,189,429,205,359,203,397,232,372,231,489,319,306,312,514,411,181,370,355,363,314,352,332,339,345,320,338,333,350,316,344,342,346,327,445,542,337,536,545,580,186,529,567,768,184,714,552,796,205,754,604,826,109,753,71.38238724913923,3.858767320945886
Horse Stance,676,205,685,186,690,185,694,185,667,187,660,187,655,186,702,190,646,192,689,222,667,222,763,283,588,287,771,374,558,355,774,451,567,453,778,473,566,483,773,467,580,473,768,458,582,463,735,492,617,493,869,588,489,597,935,700,400,692,928,721,397,701,977,759,379,749,131.3995380163628,22.01239830411885
Horse Stance,184,83,188,75,191,75,194,75,179,75,175,74,172,74,198,77,168,76,189,92,178,91,224,122,139,118,230,159,127,153,221,198,136,196,221,209,138,210,219,203,143,207,217,200,145,204,204,226,150,222,275,261,80,252,266,318,85,319,259,329,92,329,293,342,55,342,120.70424043280418,14.685376483176535
Horse Stance,111,61,116,54,118,54,121,55,106,54,103,55,101,55,124,59,98,60,117,69,105,68,145,103,77,103,168,142,56,140,168,134,54,138,161,133,57,139,159,126,61,130,161,125,61,129,131,190,90,190,180,213,37,213,161,273,55,274,152,282,63,283,180,299,33,296,172.94769399215883,14.335435419520135
Horse Stance,299,113,312,94,319,94,326,95,287,92,278,92,270,92,336,104,260,102,312,136,283,134,386,222,200,217,478,317,109,303,409,408,175,409,391,431,196,439,380,420,208,434,382,412,205,425,350,468,233,462,497,501,82,486,524,637,63,650,521,688,70,687,598,728,-16,724,133.62296280622724,6.333340437519681
Horse Stance,645,216,655,203,660,203,665,204,638,202,633,202,627,203,674,211,619,211,657,231,636,230,709,285,586,282,727,308,557,315,742,280,554,278,752,263,550,256,742,252,560,249,734,261,566,261,704,479,607,478,817,543,487,540,840,686,448,682,828,708,460,705,878,725,401,715,87.4795162586282,16.677684845563917
Horse Stance,247,93,256,84,259,84,263,84,240,82,235,82,230,82,269,91,224,89,255,109,237,108,296,167,190,165,306,258,175,255,251,199,230,198,245,177,237,174,245,170,234,169,247,178,233,178,268,321,197,317,381,363,91,365,401,475,77,472,387,496,92,490,449,507,32,498,67.31373444716827,14.431380510433959
Horse Stance,262,114,270,103,274,104,278,104,253,104,247,104,242,104,283,110,236,112,270,129,252,130,313,174,205,174,374,180,182,193,394,182,177,190,412,178,165,182,398,176,173,178,387,182,181,181,297,344,218,344,385,444,133,444,393,549,119,556,380,566,131,573,430,594,94,601,153.14839271505292,30.913275682128507
Horse Stance,183,84,189,79,193,80,196,81,178,79,175,80,171,81,202,87,167,88,192,93,176,93,233,129,138,134,274,179,106,181,227,205,144,208,214,214,158,214,208,205,161,205,212,203,158,203,224,233,158,239,288,266,75,296,320,347,86,349,316,363,93,366,357,370,53,387,121.01024496235316,19.750177230067543
Horse Stance,189,83,192,77,194,77,196,77,185,77,182,77,179,78,200,80,176,82,193,90,184,91,222,126,157,127,236,178,140,177,196,156,180,155,191,144,185,142,192,141,185,140,193,144,184,144,208,218,166,217,280,234,96,233,285,304,94,303,278,313,100,313,317,319,64,319,85.32583628886923,8.170218753754495
Horse Stance,390,94,396,81,399,81,403,80,382,83,377,83,372,84,410,86,367,90,399,107,383,108,450,154,334,163,499,197,278,208,522,171,243,174,532,152,233,152,519,148,242,148,511,157,250,156,437,321,357,324,535,342,239,326,545,451,209,450,536,461,220,458,599,497,160,489,126.9344926348388,2.680267843746218
Horse Stance,215,72,220,62,224,62,228,62,209,62,205,62,201,62,232,67,195,68,221,83,208,84,262,137,163,138,290,210,134,210,225,188,200,188,217,170,211,171,217,166,209,168,219,171,208,172,242,278,183,277,354,299,78,303,339,408,94,406,326,427,107,423,389,430,45,428,87.2675022250452,8.161430872543928
Horse Stance,122,68,128,61,131,60,135,60,121,61,119,61,117,61,144,62,121,63,130,76,121,76,174,107,109,100,195,146,111,141,178,173,95,164,170,180,90,171,166,174,91,167,167,171,93,165,152,203,111,199,190,241,52,229,233,298,53,293,233,304,63,303,246,320,20,314,167.26359979520217,23.027406633132323
Horse Stance,136,104,139,99,141,99,143,99,133,99,130,99,128,99,145,102,123,101,139,110,133,110,158,132,106,134,184,151,85,148,185,136,95,136,181,134,102,135,177,129,106,131,177,130,105,132,153,217,118,219,170,271,98,272,187,319,87,324,186,324,85,331,196,338,78,347,74.9315118405078,45.79572355273927
Sitting,330,144,328,128,328,127,329,127,320,127,315,126,308,125,302,128,277,126,324,163,314,162,337,212,170,186,437,251,145,264,550,215,140,349,563,191,134,372,555,182,143,368,550,192,147,362,287,406,194,414,335,413,202,535,242,513,283,517,225,515,292,500,224,568,319,551,106.90764705517246,42.123602470730106
Sitting,405,230,402,213,402,213,401,212,396,211,391,209,386,208,377,209,361,206,398,244,390,242,387,293,255,235,446,322,176,142,459,290,166,53,460,283,179,38,457,279,200,37,445,275,196,41,314,468,229,449,350,568,270,467,257,540,329,581,241,521,328,588,238,585,369,607,109.88399411377067,7.095441065296593
Sitting,382,226,375,213,374,212,372,211,373,214,371,214,369,214,350,215,351,218,378,238,376,239,263,274,380,293,165,265,469,301,71,244,556,288,52,252,580,276,55,250,577,267,62,249,569,273,269,445,277,450,316,498,382,475,243,505,382,537,232,499,371,536,222,533,400,569,88.19582961616157,109.88118706904388
Sitting,593,347,596,327,600,325,604,323,592,329,593,328,594,326,639,312,625,316,612,357,608,358,759,341,621,378,678,446,509,437,599,440,377,465,581,440,350,481,579,427,351,482,582,430,359,478,758,560,670,561,760,567,640,537,647,567,751,634,646,564,758,614,611,592,791,674,77.86695720661183,10.222168633636109
Sitting,304,119,302,99,302,99,302,99,294,98,288,96,281,94,275,100,251,94,294,137,285,136,273,190,132,174,421,221,-2,246,575,215,93,298,611,217,118,309,616,210,129,296,601,211,124,292,143,418,75,424,275,477,271,359,117,527,352,546,88,521,346,575,106,574,457,587,107.8266206872213,73.21628655117452
Sitting,277,83,284,64,287,63,290,62,282,64,284,63,286,62,320,64,314,64,290,96,287,97,410,140,336,162,524,245,206,200,371,269,93,210,345,274,65,215,341,253,61,215,347,250,71,214,479,395,444,401,261,402,375,532,240,557,531,527,256,578,548,498,160,589,554,589,64.09121447750947,49.06481764554663
Sitting,323,137,319,121,328,126,334,121,323,130,307,129,308,121,295,124,278,122,328,157,308,159,339,204,164,192,434,243,145,259,541,207,133,354,560,190,138,373,550,183,137,368,550,191,139,363,283,402,191,407,341,405,201,535,233,505,290,512,229,521,294,497,216,563,316,556,111.22505791537223,42.11500514240854
Sitting,329,145,329,119,323,118,334,125,312,125,316,126,303,129,293,129,272,130,324,157,321,169,341,205,161,193,435,249,147,261,547,208,143,344,570,187,130,377,560,180,142,365,546,192,141,366,293,400,200,405,342,406,209,527,246,517,287,523,232,516,294,502,229,574,326,546,105.12528064217612,42.69860874932311
Sitting,330,150,319,135,332,128,331,122,319,126,308,117,301,118,300,122,279,133,326,161,310,154,332,219,175,191,428,242,136,268,556,210,135,348,568,186,130,379,561,184,138,363,549,197,148,369,287,402,198,414,333,417,195,527,245,505,285,515,228,514,286,504,222,564,310,546,113.95210106609264,39.831429920721675
Sitting,336,148,328,131,335,127,323,133,319,131,310,132,301,119,294,122,282,124,331,166,321,159,330,219,172,181,432,244,140,259,549,216,134,355,554,194,134,374,546,183,136,372,557,188,143,362,280,412,201,405,337,416,193,536,247,511,277,515,224,508,284,501,220,567,315,545,107.50171713614438,44.429722420694276
Sitting,329,143,332,125,329,122,326,134,312,133,314,126,310,132,294,130,269,133,321,167,308,161,332,205,177,185,441,255,137,260,548,213,137,355,560,186,128,376,562,184,142,367,547,184,148,365,278,413,190,416,331,410,196,532,237,519,286,520,226,513,296,503,227,568,310,551,109.53414420864023,39.6675897797233
Sitting,329,143,332,125,329,122,326,134,312,133,314,126,310,132,294,130,269,133,321,167,308,161,332,205,177,185,441,255,137,260,548,213,137,355,560,186,128,376,562,184,142,367,547,184,148,365,278,413,190,416,331,410,196,532,237,519,286,520,226,513,296,503,227,568,310,551,109.53414420864023,39.6675897797233
Sitting,327,142,324,130,327,121,330,118,320,126,320,129,300,131,300,135,271,127,325,163,312,156,329,204,175,186,441,252,142,266,548,212,140,346,562,183,134,377,552,186,139,374,557,195,146,359,290,404,192,413,340,406,193,526,235,512,288,524,228,515,289,504,227,571,316,557,111.86757935499837,36.517756611470546
Sitting,334,139,323,122,322,125,333,119,322,134,318,128,315,125,301,123,278,126,318,168,315,159,337,212,167,187,428,257,139,259,541,214,139,352,559,195,130,367,546,173,134,368,541,192,149,358,289,407,201,411,341,413,194,529,237,516,276,515,232,515,292,500,227,559,319,545,106.72212898028556,39.095978949854114
Sitting,325,146,334,134,331,125,335,130,326,122,308,128,309,128,309,130,276,126,327,167,319,164,342,217,169,187,439,246,147,268,549,222,133,351,567,187,138,378,553,189,141,369,552,199,151,358,289,413,186,407,331,409,203,529,237,515,279,508,230,507,291,496,231,574,320,554,104.72646292209419,43.94262623643459
Sitting,329,141,334,119,325,134,320,118,315,119,311,128,315,131,295,133,273,121,327,167,313,163,341,214,163,178,430,250,143,259,544,218,143,344,563,186,138,377,553,188,134,364,550,190,152,355,294,406,197,408,326,404,198,540,238,505,277,513,216,513,291,507,227,562,318,552,99.26677423175477,44.95966033556966
Sitting,327,143,334,123,326,120,335,126,318,131,312,133,300,126,293,123,269,133,321,162,312,168,335,219,165,183,432,246,142,264,554,212,136,346,560,195,131,372,560,187,143,369,544,192,153,357,293,413,195,414,336,410,197,542,233,507,281,515,220,510,285,506,230,575,313,543,99.77152825859335,41.89538787157842
Taijiquan,389,116,398,100,402,100,408,101,381,99,375,98,368,98,412,106,359,102,397,135,377,135,453,202,309,196,460,318,294,316,450,409,297,408,452,447,288,445,442,446,302,443,437,433,309,431,413,407,330,408,452,554,284,554,467,672,272,680,461,680,277,691,479,731,267,735,131.89397290438356,50.11731484997264
Taijiquan,391,122,397,96,404,104,415,96,386,101,377,100,369,101,413,110,363,96,400,130,382,137,449,203,304,199,460,312,298,317,444,412,301,411,457,443,282,447,448,453,302,440,433,432,314,433,414,402,328,411,458,558,280,559,467,675,272,686,455,683,279,688,480,728,384,122,126.0331496060194,48.83382566709768
Taijiquan,388,116,403,106,397,101,410,95,376,105,376,94,369,93,417,112,357,99,396,136,371,132,447,200,304,191,460,322,299,311,450,406,294,409,449,449,290,445,443,447,297,443,441,430,313,432,414,412,331,413,458,561,289,556,464,675,272,681,462,684,283,687,486,736,395,121,129.2283666828455,47.67219189401937
Taijiquan,388,116,403,106,397,101,410,95,376,105,376,94,369,93,417,112,357,99,396,136,371,132,447,200,304,191,460,322,299,311,450,406,294,409,449,449,290,445,443,447,297,443,441,430,313,432,414,412,331,413,458,561,289,556,464,675,272,681,462,684,283,687,486,736,395,121,129.2283666828455,47.67219189401937
Taijiquan,391,119,405,105,397,106,414,98,383,98,374,101,366,96,411,106,360,99,400,131,378,138,448,199,304,195,455,316,300,310,453,403,292,405,449,442,289,448,441,446,301,440,438,432,308,432,420,403,326,410,446,552,290,555,474,669,277,686,465,686,276,690,481,728,385,113,126.63906578575741,50.90154222911108
Taijiquan,391,119,405,105,397,106,414,98,383,98,374,101,366,96,411,106,360,99,400,131,378,138,448,199,304,195,455,316,300,310,453,403,292,405,449,442,289,448,441,446,301,440,438,432,308,432,420,403,326,410,446,552,290,555,474,669,277,686,465,686,276,690,481,728,385,113,126.63906578575741,50.90154222911108
Taijiquan,386,123,399,94,403,101,409,100,382,96,373,92,373,94,411,113,356,108,404,136,375,137,457,205,316,190,466,321,295,323,446,406,300,409,454,450,293,441,449,443,305,448,441,427,303,427,414,407,326,403,446,555,291,556,468,676,276,685,468,676,281,689,486,728,391,123,135.07317464669438,52.07948186960395
Taijiquan,391,119,393,101,407,99,411,106,383,99,372,102,371,100,407,113,366,97,401,141,374,142,448,200,310,200,461,319,300,316,447,405,295,415,458,450,293,451,442,453,309,437,439,432,314,427,414,410,324,410,451,552,290,549,468,667,277,684,458,685,282,686,475,736,392,115,131.1749305331724,47.12412697281407
Taijiquan,391,118,392,102,403,97,409,108,386,97,375,105,364,92,413,109,355,108,394,132,374,141,456,200,313,192,455,317,296,323,453,404,291,408,449,441,294,446,445,445,302,448,444,433,315,430,407,407,331,404,458,553,280,550,465,667,276,681,458,674,275,696,475,726,385,119,129.41636894180346,48.5918512323131
Taijiquan,393,123,402,96,404,96,404,95,376,100,374,100,364,95,408,105,362,106,396,133,378,139,450,201,311,192,462,325,301,319,455,408,302,405,454,448,294,439,446,444,300,450,433,432,311,433,419,402,331,412,455,553,283,554,463,669,279,679,457,678,273,698,485,737,389,117,128.3455749539934,49.00365987663751
Taijiquan,393,110,402,100,407,104,414,96,379,101,382,95,375,94,410,111,356,108,401,133,384,136,460,208,305,197,466,324,291,323,457,411,294,406,459,452,291,443,448,453,305,442,443,432,313,431,417,413,325,412,459,551,278,552,474,676,274,678,457,685,282,695,480,735,387,121,125.71552591059643,46.36580398815308
Taijiquan,387,114,402,95,403,95,406,107,376,101,378,102,365,105,406,111,366,97,398,142,371,131,455,207,304,191,464,315,288,312,453,405,293,411,449,451,295,448,439,444,299,439,438,432,304,432,416,408,331,407,453,549,281,555,464,679,273,674,461,683,274,695,479,727,390,118,131.84515713520804,51.33019383966519
Taijiquan,383,122,393,106,403,95,412,100,380,100,370,99,372,99,408,106,353,101,400,137,372,129,455,207,315,196,465,321,296,320,457,410,304,410,453,447,288,441,437,440,297,437,433,436,311,436,415,402,331,402,454,559,285,556,473,670,274,678,460,682,283,695,478,727,384,123,140.5654905725328,50.90647088409136
Taijiquan,396,110,398,102,404,105,408,103,378,105,378,93,374,96,406,101,363,101,403,134,373,138,455,202,304,200,464,325,297,314,450,406,301,409,449,448,291,443,444,449,296,450,438,431,304,436,408,406,331,406,451,551,283,549,471,666,279,679,465,682,283,696,473,727,384,115,131.94130242590418,49.70725136680076
Taijiquan,385,117,393,107,404,99,407,98,386,106,381,94,366,104,409,107,359,99,404,131,373,141,448,209,308,191,463,324,293,316,451,410,295,410,446,451,295,448,436,449,302,445,431,436,316,428,409,404,331,403,453,550,288,548,465,673,266,682,466,681,272,686,477,737,386,120,125.63529133390901,49.615174455903784
Taijiquan,396,115,393,99,396,99,413,106,380,97,373,94,366,105,418,104,363,106,400,132,375,131,459,198,306,201,466,325,292,317,449,410,294,414,453,449,292,449,448,453,299,438,437,436,314,426,420,411,334,406,456,556,287,561,469,671,267,682,463,679,275,689,473,734,384,116,133.37586728660406,52.57203967518029
Taijiquan,393,112,393,101,399,103,409,108,385,101,376,100,366,97,408,109,361,107,395,129,380,130,453,196,310,203,458,317,288,311,453,408,301,402,457,454,282,447,441,445,309,439,434,427,313,435,420,408,337,412,459,559,290,561,463,674,278,680,465,682,273,692,477,734,392,121,135.4609806550628,50.98765965420486
Taijiquan,385,119,397,103,396,101,402,107,382,100,371,101,365,100,416,113,362,108,401,142,380,133,452,208,306,192,465,312,294,318,448,410,301,409,454,447,283,441,442,447,309,444,433,434,316,432,408,404,335,402,458,549,285,561,471,667,275,682,457,686,284,692,477,729,389,121,126.17931681857445,54.047525998001476
Taijiquan,386,113,404,97,407,104,403,96,388,100,381,94,375,94,410,100,360,104,393,139,372,136,454,208,308,203,463,316,299,316,445,416,295,406,447,443,294,444,437,452,296,443,443,431,305,437,407,407,337,415,453,559,280,548,469,668,273,676,461,686,276,693,484,737,394,122,137.04640881675894,47.50843908178201
Taijiquan,391,110,394,94,403,103,409,100,381,97,369,99,368,97,418,113,360,104,393,131,374,137,447,199,308,191,467,325,290,312,455,408,302,412,450,451,292,442,447,446,296,441,442,429,312,430,408,406,336,409,455,549,289,559,461,671,273,684,465,681,283,688,474,738,390,112,128.33057120125085,53.08285027876784
Tame,262,85,266,74,270,75,274,75,254,73,249,73,244,73,276,81,233,80,267,100,251,98,313,158,189,156,358,237,133,235,343,317,160,310,334,336,172,327,324,329,182,320,323,322,182,314,291,337,216,335,380,431,161,434,463,515,130,523,465,528,135,534,500,545,105,558,135.62760930516362,31.128073487231468
