label             ,x1  ,y1  ,x2  ,y2  ,x3  ,y3  ,x4  ,y4  ,x5  ,y5  ,x6  ,y6  ,x7  ,y7  ,x8  ,y8  ,x9  ,y9  ,x10 ,y10 ,x11 ,y11 ,x12 ,y12 ,x13 ,y13 ,x14 ,y14 ,x15 ,y15 ,x16 ,y16 ,x17 ,y17 ,x18 ,y18 ,x19 ,y19 ,x20 ,y20 ,x21 ,y21 ,x22 ,y22 ,x23 ,y23 ,x24 ,y24 ,x25 ,y25 ,x26 ,y26 ,x27 ,y27 ,x28 ,y28 ,x29 ,y29 ,x30 ,y30 ,x31 ,y31 ,x32 ,y32 ,x33 ,y33
annotated         ,259 ,120 ,267 ,108 ,271 ,108 ,275 ,108 ,252 ,109 ,246 ,109 ,242 ,109 ,283 ,115 ,235 ,118 ,269 ,134 ,250 ,134 ,327 ,201 ,193 ,196 ,372 ,284 ,133 ,280 ,350 ,373 ,163 ,363 ,340 ,393 ,172 ,381 ,331 ,385 ,183 ,375 ,331 ,379 ,182 ,368 ,300 ,390 ,217 ,387 ,394 ,494 ,160 ,497 ,483 ,583 ,123 ,595 ,486 ,597 ,126 ,606 ,524 ,610 ,109 ,626
Bow-Arrow         ,207 , 82 ,210 , 78 ,211 , 78 ,213 , 78 ,209 , 78 ,209 , 78 ,209 , 77 ,220 , 80 ,214 , 79 ,210 , 87 ,208 , 86 ,234 ,104 ,209 , 98 ,248 ,138 ,216 ,130 ,223 ,153 ,208 ,151 ,217 ,160 ,207 ,159 ,213 ,156 ,206 ,158 ,214 ,154 ,207 ,154 ,227 ,170 ,208 ,168 ,247 ,208 ,173 ,197 ,276 ,242 ,177 ,242 ,281 ,246 ,184 ,251 ,273 ,254 ,159 ,253
Bow-Arrow         ,231 , 84 ,240 , 72 ,245 , 72 ,250 , 71 ,229 , 74 ,227 , 74 ,225 , 74 ,265 , 75 ,234 , 79 ,244 , 96 ,231 , 98 ,295 ,144 ,249 ,143 ,356 ,226 ,277 ,224 ,320 ,305 ,258 ,284 ,308 ,321 ,250 ,300 ,299 ,311 ,247 ,299 ,302 ,305 ,251 ,292 ,297 ,328 ,244 ,319 ,380 ,423 ,132 ,371 ,480 ,493 ,133 ,501 ,494 ,504 ,148 ,520 ,480 ,517 ,81  ,529
Bow-Arrow         ,352 ,123 ,346 ,114 ,345 ,113 ,344 ,113 ,345 ,115 ,344 ,115 ,342 ,115 ,330 ,119 ,329 ,121 ,349 ,133 ,347 ,134 ,325 ,176 ,319 ,173 ,339 ,233 ,397 ,169 ,347 ,279 ,464 ,144 ,344 ,290 ,481 ,145 ,345 ,287 ,482 ,142 ,347 ,284 ,476 ,142 ,315 ,311 ,283 ,315 ,407 ,299 ,198 ,365 ,403 ,392 ,120 ,406 ,392 ,410 ,104 ,408 ,456 ,405 ,127 ,432
Bow-Arrow         ,172 ,179 ,181 ,164 ,183 ,164 ,186 ,164 ,179 ,163 ,180 ,162 ,181 ,162 ,212 ,172 ,206 ,168 ,182 ,197 ,179 ,196 ,267 ,256 ,238 ,252 ,304 ,364 ,285 ,371 ,294 ,452 ,283 ,434 ,298 ,476 ,283 ,452 ,283 ,473 ,277 ,449 ,283 ,466 ,277 ,443 ,307 ,463 ,251 ,461 ,462 ,576 ,104 ,483 ,622 ,646 , 90 ,637 ,642 ,657 ,112 ,673 ,636 ,694 ,30  ,670
Bow-Arrow         ,116 , 99 ,119 , 96 ,119 , 96 ,120 , 96 ,119 , 96 ,119 , 96 ,119 , 96 ,124 , 98 ,123 , 97 ,118 ,102 ,117 ,102 ,137 ,115 ,129 ,118 ,152 ,132 ,139 ,144 ,129 ,136 ,135 ,160 ,123 ,136 ,134 ,165 ,123 ,134 ,134 ,164 ,124 ,133 ,134 ,163 ,144 ,169 ,131 ,168 ,171 ,192 ,104 ,171 ,207 ,209 ,105 ,205 ,216 ,212 ,111 ,211 ,205 ,220 ,91  ,212
Bow-Arrow         ,196 , 87 ,199 , 76 ,201 , 76 ,203 , 75 ,199 , 76 ,200 , 75 ,201 , 75 ,220 , 77 ,218 , 76 ,205 , 97 ,204 , 97 ,266 ,135 ,255 ,133 ,350 ,174 ,327 ,178 ,331 ,238 ,319 ,222 ,327 ,256 ,314 ,239 ,317 ,248 ,303 ,236 ,319 ,241 ,303 ,233 ,318 ,293 ,284 ,288 ,442 ,351 ,158 ,289 ,556 ,425 ,161 ,410 ,581 ,439 ,177 ,426 ,532 ,452 ,106 ,439
Bow-Arrow         ,366 , 83 ,361 , 74 ,360 , 73 ,359 , 73 ,361 , 74 ,359 , 74 ,358 , 74 ,347 , 75 ,347 , 77 ,361 , 89 ,360 , 90 ,326 ,114 ,330 ,122 ,274 ,151 ,274 ,156 ,291 ,194 ,304 ,199 ,295 ,203 ,308 ,207 ,298 ,204 ,312 ,204 ,296 ,201 ,311 ,201 ,309 ,227 ,286 ,234 ,386 ,212 ,196 ,279 ,381 ,299 ,102 ,319 ,370 ,315 , 85 ,326 ,414 ,317 ,118 ,349
Bow-Arrow         ,115 , 57 ,123 , 51 ,124 , 52 ,125 , 52 ,122 , 50 ,123 , 50 ,124 , 50 ,137 , 59 ,136 , 56 ,119 , 65 ,118 , 65 ,156 ,106 ,153 , 99 ,209 ,142 ,172 ,150 ,169 ,178 ,169 ,174 ,157 ,179 ,158 ,180 ,157 ,179 ,158 ,177 ,160 ,177 ,158 ,175 ,196 ,213 ,165 ,209 ,272 ,259 , 90 ,204 ,351 ,305 ,105 ,284 ,368 ,312 ,116 ,298 ,335 ,331 ,70  ,304
Bow-Arrow         ,599 ,194 ,595 ,173 ,594 ,173 ,594 ,171 ,587 ,174 ,582 ,174 ,575 ,173 ,570 ,177 ,544 ,179 ,590 ,213 ,579 ,215 ,569 ,287 ,479 ,315 ,662 ,344 ,618 ,375 ,757 ,344 ,769 ,351 ,783 ,321 ,793 ,333 ,780 ,316 ,793 ,320 ,768 ,326 ,785 ,328 ,521 ,580 ,429 ,577 ,674 ,691 ,302 ,745 ,655 ,873 ,191 ,906 ,625 ,899 ,172 ,926 ,730 ,936 ,217 ,982
Bow-Arrow         ,194 , 88 ,189 , 79 ,188 , 79 ,188 , 79 ,187 , 79 ,185 , 78 ,183 , 79 ,176 , 84 ,169 , 84 ,191 , 98 ,188 , 98 ,193 ,144 ,129 ,138 ,255 ,143 ,135 ,211 ,293 , 96 ,199 ,242 ,306 , 82 ,211 ,248 ,302 , 78 ,217 ,239 ,296 , 82 ,214 ,237 ,181 ,273 ,153 ,287 ,252 ,215 ,179 ,386 ,249 ,310 ,158 ,471 ,232 ,322 ,145 ,487 ,284 ,349 ,196 ,490
Bow-Arrow         ,155 ,124 ,159 ,116 ,161 ,115 ,164 ,115 ,150 ,117 ,147 ,117 ,144 ,117 ,170 ,113 ,141 ,115 ,161 ,130 ,151 ,132 ,195 ,140 ,118 ,147 ,222 ,189 ,82  ,197 ,241 ,234 , 50 ,246 ,249 ,250 , 37 ,257 ,241 ,251 , 40 ,259 ,238 ,247 , 47 ,256 ,193 ,225 ,148 ,229 ,250 ,248 ,133 ,218 ,330 ,272 ,147 ,274 ,337 ,275 ,156 ,283 ,354 ,263 ,128 ,289
Bow-Arrow         ,240 , 86 ,249 , 75 ,254 , 74 ,258 , 74 ,235 , 76 ,230 , 76 ,227 , 77 ,269 , 79 ,227 , 83 ,252 , 98 ,234 ,100 ,310 ,155 ,206 ,152 ,374 ,227 ,165 ,220 ,332 ,304 ,186 ,284 ,316 ,318 ,193 ,306 ,309 ,306 ,199 ,299 ,311 ,300 ,200 ,293 ,288 ,337 ,225 ,328 ,291 ,460 ,136 ,428 ,345 ,542 , 88 ,540 ,353 ,549 , 96 ,562 ,339 ,575 ,39  ,570
Golden Rooster    ,433 ,117 ,427 ,101 ,427 ,100 ,426 , 99 ,424 ,102 ,421 ,102 ,417 ,102 ,409 ,103 ,393 ,108 ,427 ,130 ,422 ,133 ,392 ,176 ,352 ,189 ,452 ,231 ,471 ,221 ,459 ,184 ,516 ,131 ,458 ,173 ,526 ,107 ,455 ,164 ,516 ,102 ,455 ,170 ,511 ,110 ,355 ,374 ,330 ,369 ,362 ,524 ,474 ,303 ,332 ,682 ,457 ,456 ,312 ,711 ,432 ,468 ,405 ,719 ,496 ,522
Horse stance      ,203 , 57 ,207 , 49 ,210 , 49 ,213 , 50 ,198 , 50 ,195 , 50 ,192 , 50 ,219 , 55 ,187 , 57 ,210 , 68 ,198 , 68 ,243 ,103 ,168 ,104 ,282 , 87 ,123 , 94 ,241 , 72 ,163 , 71 ,229 , 72 ,177 , 72 ,223 , 74 ,182 , 72 ,225 , 75 ,181 , 73 ,226 ,227 ,175 ,226 ,253 ,294 ,144 ,294 ,267 ,357 ,133 ,360 ,261 ,368 ,136 ,370 ,281 ,381 ,119 ,384
Horse stance      ,221 ,101 ,228 , 91 ,232 , 91 ,236 , 92 ,214 , 91 ,210 , 92 ,205 , 93 ,241 ,100 ,200 ,103 ,232 ,115 ,215 ,116 ,276 ,175 ,168 ,170 ,326 ,170 ,109 ,160 ,235 ,148 ,203 ,148 ,224 ,131 ,216 ,137 ,225 ,133 ,219 ,138 ,228 ,141 ,216 ,144 ,249 ,345 ,179 ,343 ,352 ,312 , 83 ,298 ,331 ,445 ,100 ,437 ,317 ,466 ,111 ,461 ,376 ,472 ,44  ,463
Horse stance      ,206 , 83 ,212 , 74 ,217 , 74 ,221 , 75 ,199 , 74 ,194 , 75 ,190 , 76 ,226 , 83 ,184 , 87 ,216 , 98 ,198 ,100 ,260 ,160 ,153 ,153 ,310 ,148 ,95  ,142 ,220 ,129 ,188 ,127 ,208 ,113 ,202 ,116 ,202 ,114 ,205 ,119 ,209 ,128 ,203 ,125 ,235 ,320 ,164 ,322 ,338 ,294 , 67 ,283 ,320 ,434 , 76 ,429 ,303 ,452 , 86 ,451 ,372 ,457 ,20  ,447
Horse stance      ,311 , 90 ,324 , 76 ,331 , 76 ,336 , 77 ,301 , 74 ,294 , 75 ,288 , 75 ,346 , 85 ,284 , 82 ,325 ,112 ,300 ,112 ,411 ,194 ,223 ,191 ,490 ,285 ,141 ,266 ,419 ,358 ,196 ,335 ,396 ,376 ,211 ,363 ,387 ,360 ,221 ,354 ,390 ,352 ,218 ,344 ,365 ,406 ,248 ,405 ,493 ,455 ,137 ,476 ,538 ,564 ,105 ,568 ,524 ,585 ,117 ,589 ,584 ,607 ,63  ,616
Horse stance      ,328 ,167 ,335 ,156 ,338 ,156 ,342 ,156 ,321 ,157 ,317 ,157 ,313 ,157 ,347 ,160 ,308 ,162 ,336 ,179 ,321 ,180 ,387 ,227 ,269 ,227 ,439 ,285 ,221 ,277 ,398 ,330 ,260 ,330 ,385 ,349 ,270 ,346 ,378 ,343 ,279 ,342 ,380 ,336 ,277 ,337 ,365 ,366 ,287 ,368 ,449 ,429 ,211 ,435 ,459 ,502 ,187 ,500 ,449 ,511 ,194 ,512 ,485 ,534 ,153 ,531
Horse stance      ,229 , 79 ,234 , 71 ,237 , 71 ,240 , 72 ,225 , 71 ,221 , 71 ,218 , 70 ,245 , 76 ,213 , 74 ,235 , 88 ,222 , 88 ,266 ,128 ,188 ,123 ,277 ,170 ,180 ,167 ,275 ,170 ,180 ,169 ,275 ,171 ,179 ,169 ,273 ,165 ,181 ,163 ,271 ,164 ,183 ,163 ,248 ,219 ,197 ,216 ,327 ,232 ,112 ,231 ,340 ,294 ,108 ,292 ,337 ,303 ,114 ,299 ,358 ,314 ,87  ,313
Horse stance      ,153 , 28 ,156 , 24 ,157 , 24 ,159 , 24 ,150 , 24 ,148 , 25 ,146 , 25 ,162 , 27 ,144 , 28 ,157 , 34 ,150 , 34 ,175 , 58 ,132 , 58 ,196 , 75 ,116 , 76 ,198 , 59 ,114 , 63 ,199 , 51 ,110 , 54 ,193 , 48 ,115 , 51 ,192 , 52 ,118 , 54 ,169 ,117 ,140 ,118 ,217 ,117 , 96 ,121 ,219 ,166 , 94 ,166 ,214 ,176 ,101 ,172 ,232 ,184 ,84  ,183
Horse stance      ,333 , 86 ,339 , 79 ,342 , 79 ,344 , 80 ,329 , 79 ,326 , 79 ,323 , 79 ,350 , 84 ,319 , 84 ,340 , 94 ,328 , 95 ,374 ,128 ,295 ,131 ,408 ,166 ,257 ,163 ,392 ,132 ,276 ,126 ,382 ,123 ,287 ,118 ,380 ,116 ,290 ,113 ,381 ,119 ,290 ,116 ,361 ,244 ,306 ,240 ,437 ,266 ,224 ,259 ,452 ,335 ,216 ,341 ,447 ,345 ,223 ,355 ,467 ,363 ,185 ,361
Horse stance      ,306 ,113 ,313 ,106 ,317 ,106 ,320 ,106 ,301 ,105 ,297 ,105 ,293 ,106 ,325 ,112 ,289 ,111 ,314 ,125 ,299 ,124 ,356 ,171 ,259 ,172 ,395 ,236 ,227 ,237 ,324 ,203 ,297 ,204 ,313 ,184 ,306 ,182 ,312 ,178 ,305 ,179 ,314 ,184 ,304 ,185 ,332 ,295 ,268 ,291 ,430 ,305 ,165 ,303 ,447 ,397 ,153 ,394 ,440 ,412 ,168 ,403 ,486 ,424 ,109 ,428
Horse stance      ,171 , 50 ,174 , 44 ,177 , 44 ,179 , 44 ,168 , 44 ,165 , 44 ,164 , 43 ,182 , 45 ,162 , 44 ,175 , 55 ,166 , 55 ,199 , 72 ,142 , 72 ,203 ,104 ,129 ,108 ,198 ,129 ,137 ,131 ,196 ,138 ,137 ,139 ,193 ,135 ,140 ,136 ,192 ,133 ,142 ,132 ,188 ,151 ,152 ,150 ,243 ,166 ,102 ,167 ,251 ,203 , 81 ,206 ,246 ,209 , 84 ,216 ,269 ,221 ,62  ,217
Horse stance      ,196 , 70 ,204 , 58 ,208 , 58 ,213 , 58 ,189 , 59 ,184 , 59 ,180 , 60 ,219 , 63 ,175 , 66 ,205 , 83 ,188 , 84 ,259 ,144 ,136 ,147 ,275 ,216 ,116 ,222 ,281 ,268 ,106 ,266 ,285 ,287 ,100 ,280 ,279 ,278 ,105 ,273 ,275 ,272 ,110 ,268 ,235 ,308 ,156 ,308 ,350 ,356 , 52 ,355 ,348 ,468 , 59 ,469 ,336 ,486 , 76 ,490 ,398 ,499 ,10  ,496
Horse stance      ,530 ,175 ,547 ,158 ,554 ,159 ,560 ,161 ,521 ,155 ,512 ,155 ,504 ,155 ,570 ,169 ,494 ,161 ,540 ,199 ,513 ,193 ,615 ,283 ,435 ,265 ,621 ,414 ,399 ,391 ,561 ,431 ,443 ,414 ,542 ,442 ,454 ,432 ,539 ,420 ,459 ,411 ,539 ,417 ,459 ,408 ,569 ,494 ,462 ,486 ,716 ,569 ,363 ,525 ,738 ,698 ,281 ,661 ,725 ,719 ,303 ,704 ,790 ,763 ,249 ,712
Horse stance      ,199 , 70 ,204 , 61 ,207 , 61 ,210 , 61 ,195 , 61 ,192 , 60 ,190 , 60 ,215 , 64 ,186 , 63 ,205 , 79 ,195 , 79 ,241 ,115 ,159 ,114 ,266 ,168 ,134 ,166 ,253 ,208 ,135 ,206 ,247 ,223 ,139 ,223 ,241 ,217 ,146 ,219 ,241 ,212 ,147 ,213 ,223 ,225 ,173 ,224 ,268 ,287 ,124 ,282 ,280 ,342 ,115 ,334 ,277 ,348 ,118 ,341 ,287 ,370 ,107 ,361
Horse stance      ,557 ,278 ,577 ,253 ,587 ,253 ,595 ,254 ,544 ,252 ,535 ,251 ,528 ,251 ,610 ,263 ,525 ,260 ,576 ,303 ,539 ,303 ,688 ,403 ,436 ,403 ,743 ,583 ,386 ,581 ,606 ,514 ,509 ,510 ,574 ,480 ,536 ,472 ,575 ,460 ,536 ,454 ,579 ,467 ,536 ,464 ,630 ,657 ,483 ,647 ,798 ,725 ,309 ,690 ,803 ,876 ,279 ,857 ,783 ,893 ,299 ,884 ,848 ,974 ,205 ,940
Horse stance      ,380 ,209 ,395 ,192 ,404 ,193 ,412 ,194 ,373 ,189 ,367 ,189 ,362 ,189 ,429 ,205 ,358 ,203 ,396 ,231 ,371 ,229 ,489 ,318 ,306 ,312 ,515 ,411 ,178 ,372 ,357 ,363 ,315 ,353 ,335 ,336 ,342 ,323 ,339 ,331 ,347 ,318 ,346 ,341 ,345 ,329 ,441 ,542 ,336 ,533 ,547 ,580 ,187 ,527 ,569 ,771 ,183 ,713 ,551 ,794 ,204 ,752 ,597 ,823 ,110 ,754
Horse stance      , 94 , 47 , 99 , 42 ,102 , 42 ,104 , 42 , 94 , 41 , 93 , 41 , 92 , 41 ,113 , 46 , 97 , 44 , 99 , 54 , 93 , 53 ,137 , 81 , 84 , 79 ,165 ,113 ,92  ,114 ,146 ,144 , 82 ,137 ,140 ,154 , 78 ,143 ,137 ,149 , 77 ,140 ,138 ,147 , 79 ,139 ,126 ,169 , 91 ,167 ,166 ,216 , 35 ,199 ,193 ,253 , 47 ,237 ,191 ,257 , 52 ,240 ,209 ,272 ,37  ,262
Horse stance      ,252 , 82 ,258 , 72 ,262 , 72 ,265 , 71 ,246 , 73 ,241 , 73 ,238 , 74 ,271 , 76 ,233 , 79 ,260 , 93 ,246 , 94 ,308 ,144 ,204 ,144 ,315 ,207 ,200 ,206 ,315 ,239 ,194 ,247 ,318 ,250 ,187 ,256 ,313 ,244 ,190 ,250 ,310 ,239 ,194 ,247 ,289 ,286 ,219 ,283 ,404 ,310 , 99 ,303 ,422 ,409 , 86 ,411 ,413 ,424 , 98 ,428 ,449 ,442 ,47  ,442
Horse stance      ,169 , 62 ,177 , 53 ,180 , 53 ,183 , 53 ,164 , 53 ,161 , 53 ,158 , 53 ,190 , 57 ,156 , 57 ,177 , 73 ,164 , 73 ,221 ,118 ,131 ,116 ,240 ,173 ,124 ,173 ,231 ,188 ,121 ,180 ,227 ,195 ,118 ,185 ,224 ,185 ,120 ,178 ,223 ,182 ,123 ,175 ,203 ,231 ,149 ,228 ,286 ,247 , 64 ,244 ,309 ,311 , 47 ,305 ,302 ,322 , 56 ,315 ,325 ,341 ,24  ,331
Horse stance      ,241 , 85 ,247 , 73 ,251 , 73 ,254 , 73 ,234 , 74 ,229 , 75 ,225 , 76 ,259 , 77 ,220 , 81 ,250 , 96 ,233 , 98 ,305 ,150 ,180 ,156 ,348 ,227 ,138 ,239 ,273 ,215 ,212 ,220 ,254 ,210 ,229 ,214 ,249 ,200 ,234 ,206 ,253 ,200 ,231 ,208 ,283 ,296 ,208 ,299 ,400 ,322 , 98 ,336 ,424 ,421 , 80 ,435 ,415 ,439 , 88 ,447 ,449 ,454 ,52  ,473
Horse stance      ,416 , 92 ,424 , 78 ,429 , 78 ,433 , 77 ,406 , 78 ,399 , 78 ,394 , 78 ,442 , 82 ,385 , 84 ,428 ,109 ,407 ,110 ,488 ,167 ,340 ,171 ,512 ,276 ,322 ,282 ,435 ,198 ,399 ,199 ,427 ,167 ,412 ,167 ,426 ,160 ,408 ,160 ,428 ,170 ,405 ,170 ,462 ,374 ,361 ,371 ,606 ,439 ,227 ,435 ,623 ,602 ,208 ,602 ,610 ,626 ,220 ,625 ,685 ,645 ,150 ,643
Horse stance      ,162 , 76 ,167 , 67 ,170 , 67 ,173 , 67 ,158 , 67 ,154 , 67 ,151 , 67 ,178 , 70 ,145 , 72 ,168 , 87 ,156 , 87 ,208 ,118 ,121 ,125 ,213 ,158 ,114 ,164 ,207 ,189 ,132 ,199 ,205 ,198 ,134 ,208 ,201 ,195 ,140 ,205 ,201 ,193 ,142 ,201 ,198 ,229 ,148 ,229 ,281 ,244 , 72 ,255 ,293 ,323 , 59 ,316 ,283 ,335 , 67 ,326 ,317 ,353 ,44  ,342
Horse stance      ,207 ,108 ,211 , 98 ,214 , 98 ,217 , 98 ,200 , 99 ,195 , 99 ,192 , 99 ,221 ,102 ,187 ,104 ,213 ,118 ,199 ,119 ,253 ,156 ,160 ,160 ,303 ,200 ,104 ,201 ,266 ,189 ,149 ,190 ,248 ,190 ,163 ,189 ,245 ,181 ,166 ,182 ,248 ,180 ,164 ,182 ,238 ,276 ,180 ,276 ,325 ,293 , 92 ,299 ,331 ,352 , 86 ,368 ,321 ,359 , 93 ,375 ,351 ,387 ,69  ,398
Horse stance      ,221 ,119 ,227 ,109 ,231 ,109 ,234 ,109 ,214 ,108 ,210 ,108 ,206 ,107 ,241 ,113 ,202 ,112 ,227 ,130 ,214 ,130 ,264 ,167 ,180 ,165 ,296 ,188 ,147 ,178 ,231 ,177 ,201 ,172 ,214 ,172 ,218 ,165 ,211 ,170 ,219 ,166 ,215 ,174 ,217 ,170 ,257 ,296 ,195 ,291 ,337 ,307 ,114 ,302 ,371 ,393 , 76 ,378 ,367 ,407 , 81 ,388 ,386 ,426 ,55  ,401
Horse stance      ,231 ,109 ,237 , 99 ,240 , 99 ,244 , 99 ,224 ,100 ,220 ,100 ,216 ,100 ,249 ,102 ,213 ,105 ,238 ,121 ,224 ,123 ,277 ,161 ,186 ,161 ,312 ,201 ,153 ,197 ,306 ,170 ,164 ,175 ,296 ,162 ,173 ,167 ,290 ,153 ,180 ,160 ,290 ,156 ,181 ,162 ,268 ,296 ,204 ,296 ,349 ,336 ,124 ,344 ,357 ,418 ,121 ,427 ,350 ,429 ,132 ,439 ,378 ,450 ,93  ,455
Horse stance      ,190 ,115 ,196 ,107 ,198 ,107 ,201 ,107 ,187 ,108 ,184 ,108 ,182 ,108 ,206 ,111 ,181 ,111 ,196 ,122 ,186 ,123 ,231 ,151 ,160 ,142 ,237 ,189 ,141 ,159 ,237 ,220 ,167 ,136 ,241 ,230 ,177 ,127 ,238 ,229 ,181 ,125 ,234 ,224 ,179 ,129 ,213 ,240 ,166 ,239 ,291 ,250 , 90 ,256 ,307 ,315 , 77 ,319 ,298 ,327 , 85 ,330 ,332 ,338 ,44  ,336
Horse stance      ,380 ,209 ,395 ,192 ,404 ,193 ,412 ,194 ,373 ,189 ,367 ,189 ,362 ,189 ,429 ,205 ,358 ,203 ,396 ,231 ,371 ,229 ,489 ,318 ,306 ,312 ,515 ,411 ,178 ,372 ,357 ,363 ,315 ,353 ,335 ,336 ,342 ,323 ,339 ,331 ,347 ,318 ,346 ,341 ,345 ,329 ,441 ,542 ,336 ,533 ,547 ,580 ,187 ,527 ,569 ,771 ,183 ,713 ,551 ,794 ,204 ,752 ,597 ,823 ,110 ,754
Horse stance      ,677 ,207 ,685 ,186 ,690 ,185 ,695 ,185 ,668 ,188 ,661 ,188 ,655 ,188 ,701 ,189 ,646 ,194 ,690 ,224 ,668 ,225 ,763 ,283 ,586 ,288 ,770 ,378 ,557 ,356 ,773 ,455 ,565 ,455 ,777 ,474 ,563 ,484 ,773 ,468 ,575 ,474 ,768 ,459 ,580 ,465 ,738 ,491 ,619 ,494 ,868 ,583 ,488 ,599 ,933 ,700 ,395 ,700 ,928 ,720 ,390 ,712 ,972 ,757 ,380 ,752
Horse stance      ,184 , 83 ,188 , 75 ,191 , 75 ,194 , 75 ,179 , 75 ,175 , 74 ,172 , 74 ,198 , 77 ,168 , 76 ,189 , 92 ,178 , 91 ,224 ,122 ,139 ,118 ,230 ,159 ,127 ,153 ,221 ,198 ,136 ,196 ,221 ,209 ,138 ,210 ,219 ,203 ,143 ,207 ,217 ,200 ,145 ,204 ,204 ,226 ,150 ,222 ,275 ,261 , 80 ,252 ,266 ,318 , 85 ,319 ,259 ,329 , 92 ,329 ,293 ,342 ,55  ,342
Horse stance      ,111 , 61 ,116 , 54 ,118 , 54 ,121 , 55 ,106 , 54 ,103 , 55 ,101 , 55 ,124 , 59 , 98 , 60 ,117 , 69 ,105 , 68 ,145 ,103 , 77 ,103 ,168 ,142 ,56  ,140 ,168 ,134 , 54 ,138 ,161 ,133 , 57 ,139 ,159 ,126 , 61 ,130 ,161 ,125 , 61 ,129 ,131 ,190 , 90 ,190 ,180 ,213 , 37 ,213 ,161 ,273 , 55 ,274 ,152 ,282 , 63 ,283 ,180 ,299 ,33  ,296
Horse stance      ,300 ,113 ,312 , 94 ,319 , 94 ,326 , 95 ,287 , 93 ,278 , 92 ,270 , 93 ,336 ,104 ,260 ,102 ,313 ,136 ,284 ,135 ,386 ,222 ,200 ,218 ,478 ,317 ,109 ,303 ,408 ,408 ,175 ,409 ,390 ,432 ,197 ,438 ,378 ,421 ,208 ,433 ,381 ,413 ,204 ,425 ,350 ,468 ,233 ,462 ,496 ,501 , 82 ,486 ,524 ,638 , 63 ,652 ,521 ,689 , 70 ,689 ,598 ,729 ,-15 ,727
Horse stance      ,645 ,215 ,654 ,203 ,659 ,203 ,665 ,203 ,637 ,202 ,632 ,202 ,626 ,203 ,673 ,210 ,619 ,211 ,656 ,231 ,636 ,230 ,709 ,286 ,586 ,282 ,728 ,306 ,557 ,313 ,742 ,279 ,554 ,275 ,752 ,262 ,551 ,253 ,742 ,252 ,560 ,247 ,734 ,261 ,567 ,259 ,705 ,479 ,609 ,479 ,815 ,542 ,487 ,541 ,840 ,685 ,449 ,680 ,829 ,707 ,461 ,704 ,875 ,724 ,402 ,715
Horse stance      ,248 , 93 ,256 , 84 ,259 , 84 ,264 , 84 ,240 , 82 ,235 , 82 ,230 , 82 ,269 , 91 ,224 , 89 ,255 ,109 ,237 ,108 ,296 ,166 ,190 ,164 ,306 ,258 ,175 ,256 ,251 ,198 ,230 ,197 ,245 ,177 ,238 ,174 ,246 ,170 ,234 ,169 ,247 ,177 ,233 ,178 ,268 ,321 ,197 ,318 ,381 ,363 , 92 ,365 ,401 ,476 , 77 ,473 ,387 ,496 , 92 ,491 ,449 ,507 ,32  ,498
Horse stance      ,262 ,114 ,270 ,104 ,274 ,104 ,278 ,104 ,254 ,104 ,248 ,104 ,243 ,105 ,283 ,110 ,236 ,112 ,270 ,129 ,252 ,130 ,313 ,174 ,206 ,174 ,376 ,177 ,183 ,193 ,405 ,173 ,178 ,190 ,419 ,175 ,165 ,182 ,405 ,173 ,173 ,176 ,390 ,180 ,181 ,181 ,296 ,344 ,217 ,345 ,385 ,444 ,133 ,444 ,393 ,549 ,120 ,556 ,379 ,567 ,131 ,572 ,431 ,594 ,94  ,602
Horse stance      ,184 , 84 ,189 , 79 ,193 , 80 ,197 , 81 ,178 , 79 ,174 , 80 ,171 , 81 ,203 , 87 ,166 , 88 ,192 , 93 ,176 , 93 ,234 ,129 ,138 ,134 ,275 ,179 ,105 ,181 ,229 ,205 ,144 ,208 ,216 ,213 ,159 ,214 ,210 ,205 ,161 ,206 ,214 ,202 ,158 ,203 ,224 ,233 ,158 ,239 ,289 ,268 , 75 ,298 ,322 ,354 , 85 ,352 ,317 ,369 , 92 ,369 ,358 ,377 ,55  ,392
Horse stance      ,188 , 83 ,192 , 77 ,194 , 77 ,196 , 77 ,184 , 77 ,182 , 77 ,179 , 77 ,200 , 80 ,176 , 82 ,193 , 90 ,184 , 91 ,222 ,126 ,156 ,127 ,237 ,179 ,140 ,177 ,197 ,157 ,180 ,155 ,191 ,144 ,185 ,142 ,192 ,141 ,185 ,140 ,193 ,145 ,184 ,144 ,208 ,218 ,166 ,217 ,281 ,233 , 96 ,233 ,285 ,304 , 94 ,303 ,278 ,313 ,100 ,313 ,317 ,318 ,64  ,319
Horse stance      ,390 , 95 ,396 , 82 ,400 , 81 ,404 , 81 ,382 , 83 ,377 , 84 ,372 , 84 ,411 , 86 ,368 , 90 ,399 ,108 ,383 ,108 ,450 ,154 ,334 ,163 ,498 ,196 ,279 ,208 ,521 ,171 ,243 ,173 ,532 ,152 ,233 ,151 ,519 ,149 ,242 ,148 ,511 ,157 ,250 ,156 ,437 ,322 ,357 ,324 ,535 ,341 ,239 ,326 ,546 ,447 ,209 ,448 ,536 ,458 ,220 ,456 ,595 ,497 ,161 ,486
Horse stance      ,215 , 72 ,220 , 62 ,224 , 62 ,227 , 62 ,209 , 62 ,205 , 62 ,201 , 62 ,232 , 67 ,195 , 69 ,221 , 83 ,208 , 84 ,262 ,137 ,162 ,138 ,290 ,210 ,135 ,211 ,226 ,189 ,200 ,188 ,219 ,172 ,211 ,171 ,218 ,167 ,209 ,168 ,220 ,172 ,208 ,172 ,243 ,277 ,182 ,277 ,354 ,299 , 78 ,302 ,339 ,407 , 94 ,407 ,325 ,426 ,107 ,424 ,389 ,429 ,45  ,428
Horse stance      ,122 , 68 ,128 , 61 ,132 , 60 ,135 , 60 ,121 , 61 ,119 , 61 ,117 , 61 ,144 , 62 ,121 , 63 ,130 , 76 ,121 , 76 ,174 ,107 ,109 ,100 ,194 ,148 ,111 ,142 ,178 ,171 , 95 ,164 ,170 ,179 , 90 ,171 ,166 ,172 , 91 ,166 ,167 ,170 , 93 ,165 ,152 ,204 ,110 ,199 ,190 ,240 , 52 ,229 ,234 ,301 , 53 ,293 ,235 ,308 , 62 ,304 ,248 ,321 ,20  ,312
Horse stance      ,136 ,104 ,139 , 99 ,141 , 99 ,143 , 99 ,133 , 99 ,131 , 99 ,128 , 99 ,146 ,102 ,124 ,101 ,140 ,110 ,133 ,110 ,158 ,133 ,106 ,134 ,185 ,152 ,85  ,149 ,185 ,137 , 94 ,136 ,181 ,134 ,102 ,134 ,177 ,129 ,106 ,130 ,177 ,130 ,105 ,131 ,153 ,220 ,118 ,221 ,171 ,272 , 98 ,273 ,187 ,320 , 87 ,325 ,186 ,324 , 85 ,332 ,197 ,338 ,77  ,347
Mountain Climbing ,207 , 82 ,210 , 78 ,211 , 78 ,213 , 78 ,209 , 78 ,209 , 78 ,209 , 77 ,220 , 80 ,214 , 79 ,210 , 87 ,208 , 86 ,234 ,104 ,209 , 98 ,248 ,138 ,216 ,130 ,223 ,153 ,208 ,151 ,217 ,160 ,207 ,159 ,213 ,156 ,206 ,158 ,214 ,154 ,207 ,154 ,227 ,170 ,208 ,168 ,247 ,208 ,173 ,197 ,276 ,242 ,177 ,242 ,281 ,246 ,184 ,251 ,273 ,254 ,159 ,253
Mountain Climbing ,599 ,194 ,595 ,173 ,594 ,173 ,594 ,171 ,587 ,174 ,582 ,174 ,575 ,173 ,570 ,177 ,544 ,179 ,590 ,213 ,579 ,215 ,569 ,287 ,479 ,315 ,662 ,344 ,618 ,375 ,757 ,344 ,769 ,351 ,783 ,321 ,793 ,333 ,780 ,316 ,793 ,320 ,768 ,326 ,785 ,328 ,521 ,580 ,429 ,577 ,674 ,691 ,302 ,745 ,655 ,873 ,191 ,906 ,625 ,899 ,172 ,926 ,730 ,936 ,217 ,982
Sitting           ,329 ,144 ,327 ,127 ,328 ,127 ,329 ,126 ,317 ,126 ,311 ,125 ,304 ,125 ,303 ,129 ,274 ,127 ,323 ,162 ,313 ,163 ,338 ,213 ,169 ,190 ,437 ,251 ,147 ,270 ,551 ,214 ,140 ,350 ,563 ,189 ,135 ,373 ,555 ,181 ,144 ,367 ,551 ,190 ,148 ,362 ,287 ,406 ,194 ,414 ,328 ,405 ,199 ,529 ,234 ,515 ,311 ,513 ,218 ,515 ,323 ,493 ,210 ,570 ,356 ,550
Sitting           ,405 ,230 ,402 ,214 ,402 ,213 ,402 ,213 ,394 ,212 ,389 ,210 ,383 ,208 ,379 ,211 ,359 ,206 ,398 ,245 ,388 ,243 ,389 ,296 ,252 ,232 ,450 ,323 ,174 ,139 ,474 ,304 ,165 , 51 ,486 ,299 ,179 , 35 ,473 ,292 ,199 , 37 ,463 ,293 ,193 , 43 ,317 ,474 ,229 ,453 ,377 ,571 ,269 ,460 ,265 ,553 ,324 ,583 ,247 ,536 ,323 ,591 ,237 ,587 ,369 ,635
Sitting           ,381 ,224 ,374 ,211 ,372 ,211 ,370 ,210 ,373 ,212 ,371 ,212 ,369 ,212 ,347 ,214 ,353 ,217 ,375 ,237 ,374 ,238 ,258 ,273 ,380 ,292 ,163 ,265 ,474 ,301 , 71 ,245 ,560 ,287 , 50 ,251 ,583 ,275 , 52 ,247 ,580 ,267 , 60 ,247 ,572 ,273 ,255 ,445 ,296 ,454 ,270 ,484 ,373 ,504 ,241 ,509 ,383 ,542 ,233 ,507 ,372 ,545 ,225 ,532 ,395 ,568
Sitting           ,591 ,347 ,594 ,326 ,598 ,324 ,603 ,322 ,590 ,327 ,590 ,326 ,591 ,325 ,637 ,311 ,621 ,315 ,610 ,357 ,605 ,357 ,755 ,343 ,618 ,379 ,701 ,449 ,503 ,440 ,619 ,450 ,377 ,464 ,599 ,450 ,350 ,481 ,596 ,437 ,351 ,481 ,599 ,440 ,359 ,478 ,757 ,556 ,668 ,561 ,767 ,561 ,648 ,561 ,646 ,567 ,762 ,643 ,648 ,565 ,760 ,617 ,613 ,601 ,804 ,684
Sitting           ,303 ,120 ,301 ,100 ,302 ,100 ,301 , 99 ,293 , 98 ,287 , 97 ,280 , 95 ,275 ,101 ,250 , 94 ,292 ,139 ,284 ,138 ,271 ,188 ,132 ,174 ,420 ,221 ,-6  ,247 ,576 ,215 , 96 ,300 ,612 ,217 ,121 ,309 ,616 ,210 ,132 ,297 ,601 ,211 ,127 ,293 ,148 ,430 , 78 ,429 ,269 ,485 ,274 ,340 , 68 ,531 ,356 ,547 , 33 ,521 ,351 ,578 , 51 ,565 ,479 ,584
Sitting           ,278 , 83 ,286 , 64 ,289 , 64 ,292 , 63 ,284 , 64 ,286 , 64 ,288 , 63 ,323 , 64 ,316 , 64 ,291 , 97 ,288 , 98 ,414 ,141 ,333 ,163 ,524 ,247 ,206 ,199 ,371 ,268 , 93 ,210 ,343 ,271 , 64 ,215 ,340 ,251 , 60 ,214 ,345 ,248 , 69 ,214 ,478 ,393 ,440 ,398 ,253 ,388 ,396 ,510 ,238 ,562 ,535 ,527 ,249 ,585 ,551 ,504 ,157 ,591 ,543 ,587
Taijiquan         ,389 ,116 ,398 ,100 ,402 ,100 ,408 ,101 ,381 , 99 ,375 , 98 ,368 , 98 ,412 ,106 ,359 ,102 ,397 ,135 ,377 ,135 ,453 ,202 ,309 ,196 ,460 ,318 ,294 ,316 ,450 ,409 ,297 ,408 ,452 ,447 ,288 ,445 ,442 ,446 ,302 ,443 ,437 ,433 ,309 ,431 ,413 ,407 ,330 ,408 ,452 ,554 ,284 ,554 ,467 ,672 ,272 ,680 ,461 ,680 ,277 ,691 ,479 ,731 ,267 ,735
Tame              ,262 , 85 ,266 , 74 ,270 , 75 ,274 , 75 ,254 , 73 ,249 , 73 ,244 , 73 ,276 , 81 ,233 , 80 ,267 ,100 ,251 , 98 ,313 ,158 ,189 ,156 ,358 ,237 ,133 ,235 ,343 ,317 ,160 ,310 ,334 ,336 ,172 ,327 ,324 ,329 ,182 ,320 ,323 ,322 ,182 ,314 ,291 ,337 ,216 ,335 ,380 ,431 ,161 ,434 ,463 ,515 ,130 ,523 ,465 ,528 ,135 ,534 ,500 ,545 ,105 ,558
